router,granularity,model,horizon_hours,training_time_sec,MAE,RMSE,sMAPE,R2,MSLE,P99_abs_error
dallas,5min,hybrid_gru_lstm,1,73.35059118270874,13834146.967849225,15890464.57818817,83.320575497722,-0.9344619828893916,1.934680004015723,33714074.48000002
dallas,5min,hybrid_gru_lstm,6,73.35059118270874,71567928.70509978,72681374.62911363,145.8321599747272,-39.39355938689819,5.723125035722944,105590709.68
dallas,5min,hybrid_gru_lstm,12,73.35059118270874,42426010.54545455,43953356.416269705,125.96544831506162,-14.01011891262494,4.126408531499118,56771040.4
dallas,5min,hybrid_gru_lstm,24,73.35059118270874,49515711.57427938,50652739.4653474,132.87787197459002,-19.47532663023574,4.683916131491582,69236798.48
dallas,5min,gru_only,1,56.540690183639526,40753804.34146342,42273875.107382946,125.04864804204936,-12.690872628014285,4.024807181588399,61759375.2
dallas,5min,gru_only,6,56.540690183639526,89676986.691796,90979011.45708777,152.9766180824304,-62.29192226927686,6.63429633739012,111529833.68
dallas,5min,gru_only,12,56.540690183639526,30599998.39135255,33080189.521629024,111.67376257817949,-7.502292101359094,3.3850680662040746,49531787.68
dallas,5min,gru_only,24,56.540690183639526,37611910.11086474,38883196.737820804,122.19151392850563,-11.065598993917627,3.896607478563989,55900593.36
dallas,5min,lstm_only,1,84.74535942077637,46776566.79379158,48137333.45732841,130.33979562048262,-16.752154468957105,4.4482769988396615,61138041.84
dallas,5min,lstm_only,6,84.74535942077637,68557603.87583148,69506379.97293526,144.38225416183877,-35.94155726966302,5.576248477059985,82402817.28
dallas,5min,lstm_only,12,84.74535942077637,71050843.5210643,71976817.60657461,145.9166508645828,-39.2518017338224,5.731403401033595,84640525.91999997
dallas,5min,lstm_only,24,84.74535942077637,62031044.0,62967393.4296175,141.47505793037075,-30.641451173746013,5.406329607301417,75645019.92
dallas,5min,nhits,1,2.2338483333587646,12552273.737388052,15678851.204818781,118.19026289984487,-0.8832825711473002,49.123475296877075,38708098.339062504
dallas,5min,nhits,6,2.2338483333587646,10246574.804968992,13464424.690303015,82.78692833068416,-0.386249689430918,18.61823611225176,39245759.28
dallas,5min,nhits,12,2.2338483333587646,35172424.324833706,37382888.26339407,117.85922897443758,-9.857897775639525,3.620103499555596,56368657.04000001
dallas,5min,nhits,24,2.2338483333587646,21029869.541019958,24647708.790401474,94.7176383655479,-3.8481725706499006,2.534024947323735,52687643.12000001
dallas,15min,hybrid_gru_lstm,1,5.8426289558410645,71341518.31229235,77569943.38280948,98.7380801330017,-6.052595343291734,1.987459230463301,124173542.8
dallas,15min,hybrid_gru_lstm,6,5.8426289558410645,226191742.29900333,227972188.4701176,146.8159021822492,-59.4340752120928,4.724596349691493,262274073.12
dallas,15min,hybrid_gru_lstm,12,5.8426289558410645,262616822.1395349,264187069.06615275,152.36381226588404,-82.22488432191872,5.283126933638274,299746292.0
dallas,15min,hybrid_gru_lstm,24,5.8426289558410645,120720358.35215947,123563235.14600582,122.33748800323036,-17.737045543763877,3.0658646121815845,162366567.76
dallas,15min,gru_only,1,9.23257851600647,83416444.74418604,88143535.88985595,105.93854810973977,-8.106320968842937,2.1960553751223966,142730563.6
dallas,15min,gru_only,6,9.23257851600647,183241446.53820598,186566344.43290624,138.32831980121364,-39.47480342554599,4.055498352775448,233689221.28
dallas,15min,gru_only,12,9.23257851600647,133936597.44850498,136798938.58683068,126.2978069918498,-21.314930682962824,3.1920445195384093,175672526.0
dallas,15min,gru_only,24,9.23257851600647,146318564.27906978,148263203.65118763,130.76084941029794,-25.976731629518234,3.5257033222170713,189833539.52
dallas,15min,lstm_only,1,10.122357368469238,107751252.02657807,112397672.64790502,116.7327692493184,-13.807326560879725,2.7225821759437974,170578595.12
dallas,15min,lstm_only,6,10.122357368469238,181398745.30232558,183573940.1552512,138.47708353891556,-38.18683633749466,4.004639062743292,219502573.92000002
dallas,15min,lstm_only,12,10.122357368469238,204107479.3089701,206220691.18177998,143.1712761553961,-49.710111202256606,4.405904890049837,242198017.28
dallas,15min,lstm_only,24,10.122357368469238,114482299.08305648,116894844.13475706,120.40728367794888,-15.769236271855306,2.908101924447493,163359612.48
dallas,15min,nhits,1,0.9878804683685303,35581202.757475086,45063089.31072703,68.37931862424837,-1.3801478767120372,1.0186653520882822,107151140.08000001
dallas,15min,nhits,6,0.9878804683685303,35062698.1809593,40033964.706203714,74.38010475592586,-0.8636971794861807,11.640617127369238,92749110.60000002
dallas,15min,nhits,12,0.9878804683685303,61277943.967607975,68459696.78885123,95.65726522328023,-4.588561431847413,13.571572621845243,122214661.08000009
dallas,15min,nhits,24,0.9878804683685303,102198660.13953489,107652025.81217647,113.81153253287147,-13.222206663003808,2.650206170293975,167300105.20000002
dallas,30min,hybrid_gru_lstm,1,3.0893142223358154,271150633.3774834,278490134.46627563,125.81862701711333,-24.950823037551164,3.020108828793175,384484874.08
dallas,30min,hybrid_gru_lstm,6,3.0893142223358154,444555388.18543047,447588495.82176006,145.79703863708687,-65.16528282101953,4.37959564162299,509993558.56
dallas,30min,hybrid_gru_lstm,12,3.0893142223358154,399275044.18543047,403421555.7348268,141.8447668353513,-54.69123727161407,4.06950587172664,469262994.16
dallas,30min,hybrid_gru_lstm,24,3.0893142223358154,292503263.57615894,296410829.24899644,130.04683055517953,-29.588484112469406,3.3669414300506615,387292242.40000004
dallas,30min,gru_only,1,3.2466201782226562,215825004.34437087,223352543.0539814,116.15085847104605,-15.69218962565299,2.482317241373052,326870279.52
dallas,30min,gru_only,6,3.2466201782226562,421803056.8476821,426714675.8546842,143.5545201660918,-59.137795167046804,4.208202864701469,572611456.72
dallas,30min,gru_only,12,3.2466201782226562,154033247.73509935,165279151.51875204,100.49719237351378,-8.347701082458032,1.8976664257050813,229262335.52
dallas,30min,gru_only,24,3.2466201782226562,338962779.9735099,342674121.83442396,136.03495085270956,-39.88202874262571,3.7827337709023996,426259125.92
dallas,30min,lstm_only,1,4.953435897827148,239626624.47682118,247303062.12533012,120.50051919019735,-19.463998446273195,2.732092435480317,344765497.04
dallas,30min,lstm_only,6,4.953435897827148,273221297.9072848,278158300.480257,126.12062906647026,-24.5538529060157,2.98039530601954,341018184.16
dallas,30min,lstm_only,12,4.953435897827148,271046269.8278146,277367215.7807382,125.78940239221434,-25.32563896685243,2.997128564513311,340775684.8
dallas,30min,lstm_only,24,4.953435897827148,358042088.90066224,361392937.80304277,138.272853010818,-44.47043879784297,3.9441795365262773,444249240.48
dallas,30min,nhits,1,0.45697855949401855,52634177.7218543,69724301.15221272,56.24973728251841,-0.6266714579390011,0.6477845363980013,176324437.80000004
dallas,30min,nhits,6,0.45697855949401855,85089276.97350994,96369405.24124981,78.35131305993805,-2.067260766315716,7.314788897873331,154070113.12
dallas,30min,nhits,12,0.45697855949401855,128548256.09426738,138065244.1263255,95.06403619422746,-5.522850084340517,2.748635500339937,208047179.44
dallas,30min,nhits,24,0.45697855949401855,307925864.2649007,311604767.72989845,132.34263300793538,-32.80477193155378,3.481053873231189,407130512.64
dallas,45min,hybrid_gru_lstm,1,2.208400011062622,193781360.990099,210389223.25216526,92.54261066690168,-6.3043678619389105,1.4589462192217049,315356368.96000004
dallas,45min,hybrid_gru_lstm,6,2.208400011062622,446885131.56435645,452551304.09264344,129.56568908941077,-31.916600038196876,2.968740010200318,526992094.48
dallas,45min,hybrid_gru_lstm,12,2.208400011062622,209143819.92079207,224410575.76695675,95.72211729069538,-7.3690062360661575,1.5569545311992095,297272510.96000004
dallas,45min,hybrid_gru_lstm,24,2.208400011062622,482499534.5346535,487877315.83036596,133.2562483367609,-39.346102434584864,3.2395727451536924,580636354.96
dallas,45min,gru_only,1,1.7816877365112305,220009816.03960395,234101245.9803572,98.29816425005524,-8.04363668580149,1.607241654898251,364959520.32
dallas,45min,gru_only,6,1.7816877365112305,551513092.5940593,558453605.0925989,137.92487222895184,-49.12490087692706,3.5559118825047364,720176278.8000001
dallas,45min,gru_only,12,1.7816877365112305,295382925.1881188,308006184.4036574,111.03789601815457,-14.765441047067503,2.1248789556677408,411278957.1200003
dallas,45min,gru_only,24,1.7816877365112305,365464475.36633664,371866056.5271037,121.40419403441311,-22.439773560280894,2.5440910039548696,480894033.2800001
dallas,45min,lstm_only,1,2.475949764251709,386288637.1089109,395249838.56306475,123.5789929142094,-24.779771222126325,2.6826102394793465,501466285.12000006
dallas,45min,lstm_only,6,2.475949764251709,600627792.3168317,605094451.0894051,141.58187364137217,-57.84718186456128,3.8050408576620725,676048069.6000003
dallas,45min,lstm_only,12,2.475949764251709,343997645.8217822,353125255.32823694,118.2767894126817,-19.722626995429852,2.408173002298544,431554776.08000004
dallas,45min,lstm_only,24,2.475949764251709,518681184.5940594,523871872.57640535,136.21348310754854,-45.51901363843621,3.4413445561455562,620365391.76
dallas,45min,nhits,1,0.375286340713501,182784987.92079207,203316725.54501516,88.80383711665043,-5.821531201273506,1.3347309929925508,384380965.76000005
dallas,45min,nhits,6,0.375286340713501,225427930.25742576,240220792.52688593,97.5542627168147,-8.274713863234131,1.536062806525881,354068878.6400001
dallas,45min,nhits,12,0.375286340713501,230636096.4016089,245559155.72881803,102.39906208308666,-9.02073355195513,8.8024366035065,349433861.20000005
dallas,45min,nhits,24,0.375286340713501,372285541.1881188,377636645.5183838,122.44431315724862,-23.17289121979826,2.5506276505669985,502058250.00000006
dallas,1H,hybrid_gru_lstm,1,1.6105005741119385,466116638.2631579,480227529.29189324,118.52709075728984,-21.49755245683548,2.420601596098294,644411634.32
dallas,1H,hybrid_gru_lstm,6,1.6105005741119385,787573199.7894737,792833848.5167501,140.84382118087854,-59.3825935515668,3.699701215290977,888504745.0400001
dallas,1H,hybrid_gru_lstm,12,1.6105005741119385,579190908.7894737,588396746.2755505,128.34702878431793,-33.55129351836918,2.9008161438669298,690273560.88
dallas,1H,hybrid_gru_lstm,24,1.6105005741119385,620439525.1578947,627581081.5927049,131.5598710886319,-38.561393992233924,3.126661597925398,766856312.72
dallas,1H,gru_only,1,0.8156933784484863,477049407.94736844,488423182.7148482,119.93435667985848,-22.271999907841302,2.449724117102145,645358149.5200001
dallas,1H,gru_only,6,0.8156933784484863,859030334.9473684,864633925.0561063,144.09231487544102,-70.81446669913035,3.978062846728525,979114584.1600001
dallas,1H,gru_only,12,0.8156933784484863,730135620.3684211,736983421.0749773,138.14882795274661,-53.204984234084165,3.5187408701156775,860987868.0800003
dallas,1H,gru_only,24,0.8156933784484863,534565877.15789473,540934512.3500861,125.41920865158114,-28.391468212181465,2.735680102596669,672318539.92
dallas,1H,lstm_only,1,1.4903295040130615,447645752.3684211,460597223.89073974,116.92808927407185,-19.695875353259563,2.3314848607380383,579682070.48
dallas,1H,lstm_only,6,1.4903295040130615,642052515.1578947,649237128.3604655,132.37811596825267,-39.490588851118076,3.1277526544257324,740052575.36
dallas,1H,lstm_only,12,1.4903295040130615,583504723.5263158,592230691.3036327,128.72592560492328,-34.00302726903811,2.9158711826936616,687509700.64
dallas,1H,lstm_only,24,1.4903295040130615,426356173.57894737,437218378.3074442,114.97492444098629,-18.201215310535964,2.2685209267904294,561651010.96
dallas,1H,nhits,1,0.2989068031311035,148216186.36842105,172155066.23212725,67.76190911769233,-1.8912176302838275,0.7607477695256506,345267174.88
dallas,1H,nhits,6,0.2989068031311035,216429630.84210527,241984460.34324324,85.08032991680186,-4.624997729469032,7.764282168056923,417852213.6
dallas,1H,nhits,12,0.2989068031311035,499959275.31578946,516312506.65516615,120.50748054132183,-25.604130910220555,2.481305531388911,668216403.36
dallas,1H,nhits,24,0.2989068031311035,641367957.1578947,647279450.9099603,133.2375291338274,-41.08385726359529,3.182980506741433,828006543.7600002
dallas,2H,hybrid_gru_lstm,1,0.4833958148956299,1154103776.7272727,1167778810.021482,126.93272072494777,-43.51126056215913,2.7467978467582794,1368011783.36
dallas,2H,hybrid_gru_lstm,6,0.4833958148956299,1184320991.4805195,1197047739.320498,128.17380216780737,-46.2190460428593,2.805812653013358,1409075329.5999994
dallas,2H,hybrid_gru_lstm,12,0.4833958148956299,1127634763.116883,1141397006.2108994,126.5996308974246,-43.531969811862275,2.7121811815995303,1449584097.6
dallas,2H,hybrid_gru_lstm,24,0.4833958148956299,1481619407.5844157,1491185859.2012212,137.93361144839454,-76.4928952102888,3.411075146370133,1688426448.9599998
dallas,2H,gru_only,1,0.3254694938659668,737020013.1948051,759347216.9109049,106.40745092156492,-17.82042922417095,1.832511645719545,954209841.2799999
dallas,2H,gru_only,6,0.3254694938659668,1023201746.1818181,1037620533.7414899,121.69512712596816,-34.47900097028579,2.4620350912303994,1249461981.7599995
dallas,2H,gru_only,12,0.3254694938659668,619527212.3636364,644938679.494746,99.07338565472982,-13.217894780553923,1.5664653075740642,917813995.8399999
dallas,2H,gru_only,24,0.3254694938659668,1105736126.961039,1118126254.4525738,125.40007868063665,-42.56924396194791,2.6442337535291545,1316404133.12
dallas,2H,lstm_only,1,0.4613070487976074,913889720.8311689,931290729.1496936,116.40876068167245,-27.30865737082452,2.2288423082994813,1145285629.12
dallas,2H,lstm_only,6,0.4613070487976074,1296052321.142857,1307733361.1594768,132.07607599532741,-55.35502844322466,3.035712859600231,1516154087.9999995
dallas,2H,lstm_only,12,0.4613070487976074,1099686458.4935064,1114027020.9349055,125.46703331471183,-41.42187867034735,2.653533056068804,1421470075.2
dallas,2H,lstm_only,24,0.4613070487976074,1237488159.3766234,1248854383.6638129,130.3290480694901,-53.352802127587346,2.9213788937026073,1455781920.6399999
dallas,2H,nhits,1,0.19105005264282227,300736841.45454544,399870518.20239353,63.74728963459195,-4.219002245818355,0.8462386300322615,1186761360.9599996
dallas,2H,nhits,6,0.19105005264282227,639673477.5064934,690396177.9574296,98.43279931812141,-14.706919725914334,1.4624174135023926,1803586023.679999
dallas,2H,nhits,12,0.19105005264282227,809553707.3246753,838964496.2327278,110.93368245584436,-23.05944543910943,2.004082816099231,1138910774.08
dallas,2H,nhits,24,0.19105005264282227,670650567.2727273,685941004.5439509,102.57400189991743,-15.397281927775936,1.6242951835781103,936351673.5999997
dallas,4H,hybrid_gru_lstm,1,0.29253292083740234,824048069.1282052,850199483.7274308,74.2339127974309,-40.938500208128524,0.6594872732114602,1552149439.6799977
dallas,4H,hybrid_gru_lstm,6,0.29253292083740234,824048069.1282052,850199483.7274308,74.2339127974309,-40.938500208128524,0.6594872732114602,1552149439.6799977
dallas,4H,hybrid_gru_lstm,12,0.29253292083740234,580629262.9743592,623210388.2645668,58.89074197818093,-19.436965483034438,0.42745025086228894,1385697642.5600002
dallas,4H,hybrid_gru_lstm,24,0.29253292083740234,999189825.8461539,1026440692.18501,84.12307577575993,-54.770033512392594,0.8724411457380682,1829641827.5199993
dallas,4H,gru_only,1,0.3362846374511719,1717753324.5128205,1724170653.1035137,110.38120100795635,-171.4772102290821,1.603047327649492,2046535098.0799994
dallas,4H,gru_only,6,0.3362846374511719,1717753324.5128205,1724170653.1035137,110.38120100795635,-171.4772102290821,1.603047327649492,2046535098.0799994
dallas,4H,gru_only,12,0.3362846374511719,2001871447.1794872,2007376904.9082625,118.13219024616042,-211.03369907821917,1.912094329657721,2316529820.4800005
dallas,4H,gru_only,24,0.3362846374511719,1760132982.3589745,1765075417.762353,112.4464740050455,-163.91483206201093,1.6840457625863832,2024559936.8000002
dallas,4H,lstm_only,1,0.28917860984802246,1667672884.7179487,1682725179.3871498,108.74329042533064,-163.2848850136473,1.545925209315916,2498798834.8799977
dallas,4H,lstm_only,6,0.28917860984802246,1667672884.7179487,1682725179.3871498,108.74329042533064,-163.2848850136473,1.545925209315916,2498798834.8799977
dallas,4H,lstm_only,12,0.28917860984802246,1717763579.2820513,1732780251.131895,110.48569381316982,-156.99160923007204,1.6183163607557718,2516623671.36
dallas,4H,lstm_only,24,0.28917860984802246,2344685916.1025643,2355640494.193294,125.93371495164045,-292.73196218555523,2.279664970240049,3116225420.4799995
dallas,4H,nhits,1,0.0876774787902832,251179630.15384614,383062499.08651644,28.406056485430593,-7.513546193405423,0.15684695081110447,1326264370.8799982
dallas,4H,nhits,6,0.0876774787902832,251179630.15384614,383062499.08651644,28.406056485430593,-7.513546193405423,0.15684695081110447,1326264370.8799982
dallas,4H,nhits,12,0.0876774787902832,497223560.4102565,535020459.35192055,53.15156823372595,-14.062179652964613,0.33568895428906526,1146606884.1599982
dallas,4H,nhits,24,0.0876774787902832,730683372.5128206,739615972.2913729,70.00406431450205,-27.95647861822874,0.5707001700873163,1015334170.0799998
dallas,6H,hybrid_gru_lstm,1,0.206129789352417,5657295781.925926,5667596362.900218,145.71247535226198,-456.6880771501414,3.5751392576652563,6606452152.479999
dallas,6H,hybrid_gru_lstm,6,0.206129789352417,5657295781.925926,5667596362.900218,145.71247535226198,-456.6880771501414,3.5751392576652563,6606452152.479999
dallas,6H,hybrid_gru_lstm,12,0.206129789352417,3856802447.4074073,3880861387.5165296,129.74100021085619,-210.7733398794591,2.5264914172881094,5147746367.2
dallas,6H,hybrid_gru_lstm,24,0.206129789352417,5127123302.814815,5143814610.55889,143.0950668634488,-368.9623132898703,3.3982804983423325,6326675806.719999
dallas,6H,gru_only,1,0.3665125370025635,1081589157.9259257,1137639760.0901558,68.63526050357251,-17.44086537961011,0.6076388719186673,1925781162.3999991
dallas,6H,gru_only,6,0.3665125370025635,1081589157.9259257,1137639760.0901558,68.63526050357251,-17.44086537961011,0.6076388719186673,1925781162.3999991
dallas,6H,gru_only,12,0.3665125370025635,2293763556.740741,2316418787.294927,105.11117706848256,-74.44825166339437,1.4735105977987346,2924575107.0399985
dallas,6H,gru_only,24,0.3665125370025635,2364458513.4814816,2382327177.22822,108.01531642403002,-78.35781126606264,1.5775784238818247,3111925561.2799997
dallas,6H,lstm_only,1,0.21279239654541016,1415451671.7037034,1583612747.2649863,78.95935554418512,-34.733022363664304,0.800760358583001,4036678523.0399976
dallas,6H,lstm_only,6,0.21279239654541016,1415451671.7037034,1583612747.2649863,78.95935554418512,-34.733022363664304,0.800760358583001,4036678523.0399976
dallas,6H,lstm_only,12,0.21279239654541016,1806559565.0370371,1926724845.1367373,91.80618681204274,-51.19806676406525,1.1142853358688205,4077575493.5999985
dallas,6H,lstm_only,24,0.21279239654541016,3411036006.814815,3477456677.622633,124.81012860646261,-168.08704228492488,2.3079491610586067,5753888104.959998
dallas,6H,nhits,1,0.13303852081298828,2797731484.4444447,2831232014.266298,114.16354997536742,-113.21488168310348,1.8019354599099457,4165772352.959998
dallas,6H,nhits,6,0.13303852081298828,2797731484.4444447,2831232014.266298,114.16354997536742,-113.21488168310348,1.8019354599099457,4165772352.959998
dallas,6H,nhits,12,0.13303852081298828,1566698848.0,1647558730.8734221,85.74518109669833,-37.16777409584914,0.9096787293752108,3389221902.8799953
dallas,6H,nhits,24,0.13303852081298828,1730452554.3703704,1749960312.7244341,92.62038987617963,-41.81966545250881,1.087207121276531,2462300254.399999
dallas,12H,hybrid_gru_lstm,1,0.2571885585784912,4290453189.142857,4363014620.211453,100.80162774297348,-330.27399844660704,1.2612939067627635,6713394495.679998
dallas,12H,hybrid_gru_lstm,6,0.2571885585784912,4290453189.142857,4363014620.211453,100.80162774297348,-330.27399844660704,1.2612939067627635,6713394495.679998
dallas,12H,hybrid_gru_lstm,12,0.2571885585784912,4290453189.142857,4363014620.211453,100.80162774297348,-330.27399844660704,1.2612939067627635,6713394495.679998
dallas,12H,hybrid_gru_lstm,24,0.2571885585784912,6179684714.857142,6234646703.713251,122.22438556353565,-184.15358713127458,2.2493863245783676,8426114402.32
dallas,12H,gru_only,1,0.1809680461883545,9462151438.285715,9472022723.886137,138.67085911364217,-1560.3471527300019,2.9459301885497715,10653795391.679998
dallas,12H,gru_only,6,0.1809680461883545,9462151438.285715,9472022723.886137,138.67085911364217,-1560.3471527300019,2.9459301885497715,10653795391.679998
dallas,12H,gru_only,12,0.1809680461883545,9462151438.285715,9472022723.886137,138.67085911364217,-1560.3471527300019,2.9459301885497715,10653795391.679998
dallas,12H,gru_only,24,0.1809680461883545,8808284522.857143,8828626641.240313,138.30119735036985,-370.2741697148376,3.1445715358525104,10191082349.360003
dallas,12H,lstm_only,1,0.271193265914917,2298970236.0,2495992651.16248,69.31891701620508,-107.4178068286389,0.5677573132319796,5302207193.279998
dallas,12H,lstm_only,6,0.271193265914917,2298970236.0,2495992651.16248,69.31891701620508,-107.4178068286389,0.5677573132319796,5302207193.279998
dallas,12H,lstm_only,12,0.271193265914917,2298970236.0,2495992651.16248,69.31891701620508,-107.4178068286389,0.5677573132319796,5302207193.279998
dallas,12H,lstm_only,24,0.271193265914917,5776918232.571428,5833805533.94693,119.02929759673732,-161.11094206852596,2.1042291601865593,7975646797.84
dallas,12H,nhits,1,0.031237363815307617,1465438332.0,1680028318.391255,50.20305697431308,-48.11873997594311,0.3065368497801034,3975686791.359998
dallas,12H,nhits,6,0.031237363815307617,1465438332.0,1680028318.391255,50.20305697431308,-48.11873997594311,0.3065368497801034,3975686791.359998
dallas,12H,nhits,12,0.031237363815307617,1465438332.0,1680028318.391255,50.20305697431308,-48.11873997594311,0.3065368497801034,3975686791.359998
dallas,12H,nhits,24,0.031237363815307617,2985300989.142857,3035995649.4164057,87.01930275170407,-42.90467059784902,1.060200754455462,4566236300.080002
dallas,1D,hybrid_gru_lstm,1,0.2888062000274658,24042062060.0,24125498005.83333,150.19003133819743,-1168.5182043363345,3.916108739157835,28689504478.48
dallas,1D,hybrid_gru_lstm,6,0.2888062000274658,24042062060.0,24125498005.83333,150.19003133819743,-1168.5182043363345,3.916108739157835,28689504478.48
dallas,1D,hybrid_gru_lstm,12,0.2888062000274658,24042062060.0,24125498005.83333,150.19003133819743,-1168.5182043363345,3.916108739157835,28689504478.48
dallas,1D,hybrid_gru_lstm,24,0.2888062000274658,24042062060.0,24125498005.83333,150.19003133819743,-1168.5182043363345,3.916108739157835,28689504478.48
dallas,1D,gru_only,1,0.2586700916290283,24676618476.0,24727039646.403526,151.21544822886315,-1227.566482262308,4.0071375139863745,28189989516.559998
dallas,1D,gru_only,6,0.2586700916290283,24676618476.0,24727039646.403526,151.21544822886315,-1227.566482262308,4.0071375139863745,28189989516.559998
dallas,1D,gru_only,12,0.2586700916290283,24676618476.0,24727039646.403526,151.21544822886315,-1227.566482262308,4.0071375139863745,28189989516.559998
dallas,1D,gru_only,24,0.2586700916290283,24676618476.0,24727039646.403526,151.21544822886315,-1227.566482262308,4.0071375139863745,28189989516.559998
dallas,1D,lstm_only,1,0.04073905944824219,50325072620.0,50330014025.87968,172.67391457536317,-5088.891389333268,6.9648391003653085,51902670702.88
dallas,1D,lstm_only,6,0.04073905944824219,50325072620.0,50330014025.87968,172.67391457536317,-5088.891389333268,6.9648391003653085,51902670702.88
dallas,1D,lstm_only,12,0.04073905944824219,50325072620.0,50330014025.87968,172.67391457536317,-5088.891389333268,6.9648391003653085,51902670702.88
dallas,1D,lstm_only,24,0.04073905944824219,50325072620.0,50330014025.87968,172.67391457536317,-5088.891389333268,6.9648391003653085,51902670702.88
dallas,1D,nhits,1,0.025405406951904297,11379539820.0,11665857530.06906,116.9852758685134,-272.456183934909,1.9024647459724173,17478207946.0
dallas,1D,nhits,6,0.025405406951904297,11379539820.0,11665857530.06906,116.9852758685134,-272.456183934909,1.9024647459724173,17478207946.0
dallas,1D,nhits,12,0.025405406951904297,11379539820.0,11665857530.06906,116.9852758685134,-272.456183934909,1.9024647459724173,17478207946.0
dallas,1D,nhits,24,0.025405406951904297,11379539820.0,11665857530.06906,116.9852758685134,-272.456183934909,1.9024647459724173,17478207946.0
atlanta,5min,hybrid_gru_lstm,1,66.75634908676147,15006263.68220339,28097503.69546271,89.48872331739466,0.004317010843364666,2.6108306873813016,74007029.31999955
atlanta,5min,hybrid_gru_lstm,6,66.75634908676147,19942029.83368644,31491847.905387435,100.96988032919774,-0.24677323575085808,4.204331664132683,83302587.33999997
atlanta,5min,hybrid_gru_lstm,12,66.75634908676147,18990630.11440678,30381051.362723205,105.64516177909131,-0.14966492590436498,4.551217721462103,86215388.85999995
atlanta,5min,hybrid_gru_lstm,24,66.75634908676147,19327171.54661017,30896276.82294473,111.47598105112347,-0.17983416744583391,6.002650267980094,69926702.42
atlanta,5min,gru_only,1,38.05585265159607,14597214.180084746,27851576.46379602,89.22005941717775,0.02167043513186473,2.2792107876845704,72398089.9599997
atlanta,5min,gru_only,6,38.05585265159607,19747033.893008474,30726947.839914218,101.48251945614174,-0.18694344563527676,4.1813116222377085,80615933.09999992
atlanta,5min,gru_only,12,38.05585265159607,16879108.063559324,29185841.074445948,102.74890197599649,-0.0609871175891068,4.115190822455192,88241122.61999987
atlanta,5min,gru_only,24,38.05585265159607,21314384.439618643,31920312.113124944,114.84821022735916,-0.25933980909482557,6.482241984903833,68867547.31999971
atlanta,5min,lstm_only,1,97.4910147190094,16437089.419491526,28652024.197178926,93.32576214726028,-0.0353715612154577,2.7300436681955946,69626936.86
atlanta,5min,lstm_only,6,97.4910147190094,22869256.90677966,34147201.220958635,104.44451800864643,-0.4658900862077451,4.566503884653413,75932737.45999998
atlanta,5min,lstm_only,12,97.4910147190094,22094322.190942798,33796380.92642274,108.10333971255675,-0.42267623589956504,4.994270875005543,82740851.99999954
atlanta,5min,lstm_only,24,97.4910147190094,21463226.575211864,33453139.990982186,114.20209881251027,-0.3831919399720112,6.188256501110241,81988821.5999999
atlanta,5min,nhits,1,1.9246833324432373,13767192.137150781,28862507.248321824,101.7183989144933,-0.05063949719109484,40.39734464621586,83763349.33999991
atlanta,5min,nhits,6,1.9246833324432373,17462121.195709746,29614832.113969974,95.87900568899221,-0.10257903459931339,3.694826460320773,79933343.63999991
atlanta,5min,nhits,12,1.9246833324432373,14320362.930755097,28945503.910624802,91.46871059274916,-0.04358520481770811,4.480257213854564,87332446.82
atlanta,5min,nhits,24,1.9246833324432373,16391153.736111917,30016845.342151932,104.98782219503559,-0.11362447936134035,5.689761349693653,74346588.43999939
atlanta,15min,hybrid_gru_lstm,1,8.34553599357605,40228523.0984127,58444157.87104488,80.42778121427395,-0.01686444317305713,1.8548937103652445,155448456.72
atlanta,15min,hybrid_gru_lstm,6,8.34553599357605,58184725.17460317,73870838.01623751,96.61061179907718,-0.6048078108697574,3.485212141312311,185665098.32000005
atlanta,15min,hybrid_gru_lstm,12,8.34553599357605,51873685.136507936,69444624.23049927,99.49100596134197,-0.3876613851833657,3.572196598932875,168300389.56000015
atlanta,15min,hybrid_gru_lstm,24,8.34553599357605,57756816.34920635,73254745.48189095,107.5812981710636,-0.5065684082336663,5.671576128620329,170305485.28000003
atlanta,15min,gru_only,1,6.2090675830841064,37430684.32539683,58252969.85400629,75.35450236248144,-0.010222400112536612,1.4810353540519907,169243315.92000014
atlanta,15min,gru_only,6,6.2090675830841064,58893458.1968254,76684931.52245024,95.38942518145392,-0.7294063369194903,3.7240007121711254,189145018.16000006
atlanta,15min,gru_only,12,6.2090675830841064,54118996.05079365,74628762.32590076,100.53379802824793,-0.6025763045564327,3.8460034818995434,187730422.72
atlanta,15min,gru_only,24,6.2090675830841064,58741787.72063492,73883217.22368512,109.72264598271994,-0.5325297911205857,5.3837023450564185,178043062.8
atlanta,15min,lstm_only,1,14.348032236099243,36334164.71904762,56190437.21867509,75.88769461484914,0.06004800525652698,1.8698931634387623,151219786.44000006
atlanta,15min,lstm_only,6,14.348032236099243,44632012.984126985,62004277.12077716,90.82128570355174,-0.1306294018805636,2.658678230735049,160847376.04000023
atlanta,15min,lstm_only,12,14.348032236099243,45770186.86190476,64674604.27368496,94.08271194928169,-0.20357677536584062,3.2307461046144033,176547161.68
atlanta,15min,lstm_only,24,14.348032236099243,56448979.950793654,74513520.543782,105.382266778471,-0.5587895828564053,5.4659596452729025,170292292.24000004
atlanta,15min,nhits,1,0.7779173851013184,34333831.47619048,57109057.58508722,75.33763514349154,0.029063476575396985,4.373336521798615,172579215.92000017
atlanta,15min,nhits,6,0.7779173851013184,44585019.63333333,66323861.6290571,85.02174940865403,-0.2936493866122032,2.6200252439910185,166714217.41
atlanta,15min,nhits,12,0.7779173851013184,42235465.28731399,66380593.596071236,87.57031862755909,-0.26791021884202415,8.65433460742828,170683181.44000003
atlanta,15min,nhits,24,0.7779173851013184,60160868.157142855,75316499.33853664,108.44924574616898,-0.592566518191789,5.862222250476425,178313917.04000002
atlanta,30min,hybrid_gru_lstm,1,1.7838613986968994,77956301.7721519,97120225.58522554,81.01095953012282,-0.015374542882092834,1.6474127263214033,237333138.40000004
atlanta,30min,hybrid_gru_lstm,6,1.7838613986968994,113391329.18987341,135451636.78410733,92.12466745206238,-0.9383933171464369,3.4711422869547373,268911084.4000001
atlanta,30min,hybrid_gru_lstm,12,1.7838613986968994,86939931.64556962,108978672.72054698,91.15996360715938,-0.21530688290091038,3.1727553677196565,287596177.20000005
atlanta,30min,hybrid_gru_lstm,24,1.7838613986968994,104559556.93670887,122821756.2379914,102.99361559191279,-0.48316687012364734,5.425817935384246,274339712.0000002
atlanta,30min,gru_only,1,1.718545913696289,76042085.2278481,96775839.3191177,77.07874992695824,-0.008186316853562081,1.4898260279132793,244147828.00000095
atlanta,30min,gru_only,6,1.718545913696289,109886025.35443038,129550469.40897381,92.67877474334328,-0.7731740667273008,3.388177700707172,268333890.00000072
atlanta,30min,gru_only,12,1.718545913696289,96050167.89873418,114722785.6647421,93.67010505382332,-0.34679748535735366,3.572881859970473,257284870.80000004
atlanta,30min,gru_only,24,1.718545913696289,117732194.65822785,140702871.74568415,106.2664891815803,-0.9464593248993327,5.575087842460916,349297941.6000001
atlanta,30min,lstm_only,1,1.7594695091247559,83357683.44303797,100298056.77583155,82.43103471797741,-0.082908951018281,1.9314920123880441,219846239.60000035
atlanta,30min,lstm_only,6,1.7594695091247559,118549461.94936709,140983186.08863,93.2487791793125,-1.0999455361578514,3.6146711496269095,310391351.20000005
atlanta,30min,lstm_only,12,1.7594695091247559,96160263.97468354,120057188.55323347,93.6722489680841,-0.4749566869019446,3.3000210322514665,311122822.80000025
atlanta,30min,lstm_only,24,1.7594695091247559,100999378.65822785,123679044.26076461,101.74710919032538,-0.5039439495470119,5.106418305899751,305960915.20000005
atlanta,30min,nhits,1,0.25389528274536133,77851095.44936709,96363741.12068258,78.85552172910963,0.00038167224646368236,1.9765892436835515,244956416.4000007
atlanta,30min,nhits,6,0.25389528274536133,92107690.30379747,113564565.1609093,85.67371217708342,-0.36257078751690597,3.0528389619598726,252448712.0
atlanta,30min,nhits,12,0.25389528274536133,87959623.39240506,108170367.80972344,89.99104872569823,-0.19734565343706478,3.3789194285100326,250788799.2000001
atlanta,30min,nhits,24,0.25389528274536133,129088312.12658228,147260567.84582156,108.74831335748074,-1.132123472758336,6.171600899669874,282185879.2000001
atlanta,45min,hybrid_gru_lstm,1,1.072204828262329,111148082.61611374,133397735.25415985,76.16779383418981,0.00939351332500682,1.3324025360463247,350071704.8
atlanta,45min,hybrid_gru_lstm,6,1.072204828262329,139409965.53554502,162704031.88454878,85.3078673223372,-0.4369869898640857,2.8651153065354023,366888840.0000003
atlanta,45min,hybrid_gru_lstm,12,1.072204828262329,158201126.5592417,184389810.4351148,94.1315242243136,-0.7810360230346878,3.6612008074906406,406476268.8000001
atlanta,45min,hybrid_gru_lstm,24,1.072204828262329,202721505.4028436,233680982.84811217,109.3117130826602,-1.7212714285109842,5.899529542448586,522812820.0
atlanta,45min,gru_only,1,0.7885923385620117,95453729.13744076,120419145.20858806,70.11386772665882,0.19277364122458396,1.227609182972935,372725612.80000025
atlanta,45min,gru_only,6,0.7885923385620117,157664982.78672987,182802117.6221874,88.7500578835139,-0.8139221779721624,3.130229136492035,405248563.20000005
atlanta,45min,gru_only,12,0.7885923385620117,130568119.09952606,177990879.64833328,89.77412860938571,-0.6595653806358701,2.5094536230049496,492262907.2000001
atlanta,45min,gru_only,24,0.7885923385620117,156773807.81042653,187178376.68889248,101.23836352587014,-0.745968780114241,5.065170465745976,435344048.8000001
atlanta,45min,lstm_only,1,1.5720462799072266,111928804.17061612,146573225.3299023,91.9644438109033,-0.19595143352965905,37.63321121351171,444819441.8000003
atlanta,45min,lstm_only,6,1.5720462799072266,127446140.96682465,150321110.3047896,84.17513391715619,-0.2265807815879055,2.3867665393603077,387075041.6000004
atlanta,45min,lstm_only,12,1.5720462799072266,148795141.5734597,188001261.12730137,91.26541432461103,-0.8514858316129719,3.2693362538177677,569188304.0000002
atlanta,45min,lstm_only,24,1.5720462799072266,170307176.0,202698752.98600593,103.78108334913985,-1.047515860175372,5.308663602283781,497264562.40000004
atlanta,45min,nhits,1,0.17369580268859863,97831668.53950681,141610897.71074212,84.99304191928442,-0.11634287895654905,9.197365638845964,450654251.4000002
atlanta,45min,nhits,6,0.17369580268859863,126702065.47867298,153149440.5701542,81.96716854488362,-0.2731718725460195,2.6430465046364646,329971662.40000004
atlanta,45min,nhits,12,0.17369580268859863,132583456.4549763,160349732.27226523,87.96077439847582,-0.346899979065727,3.314180149618622,372251008.8
atlanta,45min,nhits,24,0.17369580268859863,177836468.09478673,201305097.03534427,105.1163279196795,-1.019457247243054,5.725735646741727,403377070.40000004
atlanta,1H,hybrid_gru_lstm,1,0.9586203098297119,132061539.23349057,179531884.85389218,78.25654670260309,-0.06741359363379451,18.359387523996915,515497350.8799981
atlanta,1H,hybrid_gru_lstm,6,0.9586203098297119,175103719.19496855,216512005.3065326,80.79589782512993,-0.5081801153575043,2.557479950601939,573148034.3999995
atlanta,1H,hybrid_gru_lstm,12,0.9586203098297119,184210916.3773585,237461913.35845828,86.88696450996524,-0.7497062155901288,3.1008331700876544,683798684.4799999
atlanta,1H,hybrid_gru_lstm,24,0.9586203098297119,252017905.9119497,287689592.43076396,106.22067988919667,-1.4364368541212822,5.651205078016726,667149749.4399997
atlanta,1H,gru_only,1,0.6399462223052979,143783232.7044025,169329952.3537041,73.97814189145483,0.05045156844353116,1.5308121796969685,405858851.03999877
atlanta,1H,gru_only,6,0.6399462223052979,186182493.33333334,216239908.3822965,84.0910672334535,-0.5043917498364432,2.7755527764547687,405491105.7599998
atlanta,1H,gru_only,12,0.6399462223052979,159699305.7861635,210694765.67075312,82.43233026868238,-0.3774780968781888,2.058417776328491,546075831.04
atlanta,1H,gru_only,24,0.6399462223052979,218996289.3081761,255003891.63146695,101.91280554951096,-0.9142580175637665,5.204618265561274,574916009.7599999
atlanta,1H,lstm_only,1,0.7883744239807129,148983898.56603774,174498143.330325,75.90662826792813,-0.008396127517277474,1.5073596730114476,423521862.8799989
atlanta,1H,lstm_only,6,0.7883744239807129,199762972.5283019,241340803.95716625,84.82488511117762,-0.8739187468433063,3.001745428202052,604726541.9199998
atlanta,1H,lstm_only,12,0.7883744239807129,192957081.6100629,240493529.0316496,88.68813100833434,-0.7946675056499175,3.3243673967790843,634725818.8799999
atlanta,1H,lstm_only,24,0.7883744239807129,263978755.3207547,298107285.28125465,107.34219552924529,-1.616086125252541,5.900051923240642,630221576.4799999
atlanta,1H,nhits,1,0.13697600364685059,138372726.2389937,165878214.375424,72.26900965448043,0.08876949143199186,1.58659388988857,421609575.51999956
atlanta,1H,nhits,6,0.13697600364685059,198244407.0943396,232004202.43071654,85.44347645313633,-0.7317330634738104,2.9870807703797797,462937235.51999986
atlanta,1H,nhits,12,0.13697600364685059,208657624.9056604,243882338.19063213,91.58377352254567,-0.845601392426895,3.756586273420312,554760341.4399998
atlanta,1H,nhits,24,0.13697600364685059,237374185.05660376,267735631.91976064,103.70208022225276,-1.1101785565326683,5.693476625212313,514054388.63999987
atlanta,2H,hybrid_gru_lstm,1,0.5970041751861572,262240865.5,326583572.7578345,65.97444972504772,-0.13025727281268407,1.5762460939169265,854758564.3999999
atlanta,2H,hybrid_gru_lstm,6,0.5970041751861572,348519862.7,433669302.244653,74.7491239220903,-0.9413616565583647,2.519617608378456,974226414.4799994
atlanta,2H,hybrid_gru_lstm,12,0.5970041751861572,340295209.5,456660843.990919,78.09906621005666,-1.0453915088853933,2.8273745656682427,1307335966.8799992
atlanta,2H,hybrid_gru_lstm,24,0.5970041751861572,465985909.2,533664671.6459071,99.14978632381336,-1.5745628072776308,5.288459837919608,1159353364.2399995
atlanta,2H,gru_only,1,0.17463231086730957,298275503.7,348697038.407919,70.85316048982627,-0.28850217564630043,1.7393128634685315,717061205.2799996
atlanta,2H,gru_only,6,0.17463231086730957,317190308.5,372246154.47734493,74.35881739075454,-0.43037372923106143,2.2965051274468378,707506393.759999
atlanta,2H,gru_only,12,0.17463231086730957,431390789.3,486639123.392012,89.20106425665875,-1.3227525259209272,3.5981899126208154,770275900.9599999
atlanta,2H,gru_only,24,0.17463231086730957,468800609.6,525518941.2393592,99.33729909064633,-1.4965676085171693,5.418540602476495,820639191.84
atlanta,2H,lstm_only,1,0.5783061981201172,270071092.7,330717558.4028203,67.66601785120633,-0.15905259767516822,1.5194358015766714,765852295.5999992
atlanta,2H,lstm_only,6,0.5783061981201172,357152654.9,440058216.78728086,76.05703652207923,-0.9989841674773869,2.5349850647095784,1040705101.3599993
atlanta,2H,lstm_only,12,0.5783061981201172,392828497.9,524388053.5280579,80.98185786718362,-1.697084027274034,3.2910130995915075,1432419502.7999985
atlanta,2H,lstm_only,24,0.5783061981201172,493854119.0,562659264.5767245,101.61076352223712,-1.8619202802521522,5.33820297664909,1213141258.48
atlanta,2H,nhits,1,0.08257770538330078,251164411.75,339309307.2993148,84.50916256431917,-0.2200571762220307,12.386460867256993,1009922810.3999985
atlanta,2H,nhits,6,0.08257770538330078,258473524.7,342728891.33447546,69.99551068448086,-0.21252448556178982,1.7646019369546777,945180418.1599982
atlanta,2H,nhits,12,0.08257770538330078,265852537.8,354664045.37338537,72.93800720595031,-0.2337388069782258,2.3048969946643596,934048927.5999981
atlanta,2H,nhits,24,0.08257770538330078,430965662.4,495931582.3289562,96.40768416183538,-1.223361680095291,5.0753916479676136,1084982634.9599998
atlanta,4H,hybrid_gru_lstm,1,0.14457130432128906,705478604.4878049,782438424.2058563,72.50856955640303,-1.3693990982828677,1.9830756964816172,1398166539.2
atlanta,4H,hybrid_gru_lstm,6,0.14457130432128906,705478604.4878049,782438424.2058563,72.50856955640303,-1.3693990982828677,1.9830756964816172,1398166539.2
atlanta,4H,hybrid_gru_lstm,12,0.14457130432128906,734865490.7317073,822534293.2784449,78.16885297427434,-1.3646566440105525,3.0417779665227704,1463271648.0
atlanta,4H,hybrid_gru_lstm,24,0.14457130432128906,873300676.6829268,968310609.057532,92.44031734807466,-1.8876195118135457,4.971396952527408,1562410408.0
atlanta,4H,gru_only,1,0.15597295761108398,464169003.70731705,567321903.5229797,57.19709200502132,-0.2456527241745876,1.5315038190348953,1179892054.4000003
atlanta,4H,gru_only,6,0.15597295761108398,464169003.70731705,567321903.5229797,57.19709200502132,-0.2456527241745876,1.5315038190348953,1179892054.4000003
atlanta,4H,gru_only,12,0.15597295761108398,515709355.31707317,634042099.628399,65.23769683580228,-0.4050644710194886,2.5512157751226043,1296464070.4000003
atlanta,4H,gru_only,24,0.15597295761108398,1022647120.3902439,1112655880.031233,98.449060025863,-2.8126972592027344,5.3100816644301645,1717976180.8
atlanta,4H,lstm_only,1,0.18688273429870605,701025281.9512196,782587095.4845133,71.96622463468391,-1.3702996038034017,1.993334254439166,1465921009.6000001
atlanta,4H,lstm_only,6,0.18688273429870605,701025281.9512196,782587095.4845133,71.96622463468391,-1.3702996038034017,1.993334254439166,1465921009.6000001
atlanta,4H,lstm_only,12,0.18688273429870605,815033370.9268292,902317460.8939719,81.97409187782159,-1.8456323170042785,3.2107946249861974,1588770574.4
atlanta,4H,lstm_only,24,0.18688273429870605,1240567357.6585367,1340385120.834289,105.51292397602235,-4.533116111799821,5.7944926552087725,1946632035.2
atlanta,4H,nhits,1,0.058914899826049805,371703602.3414634,513786009.26980615,51.22930717697011,-0.021650677316879197,1.2827942390731748,1484447126.4000008
atlanta,4H,nhits,6,0.058914899826049805,371703602.3414634,513786009.26980615,51.22930717697011,-0.021650677316879197,1.2827942390731748,1484447126.4000008
atlanta,4H,nhits,12,0.058914899826049805,483839523.902439,639284134.5930233,61.813950127593486,-0.4283936610937278,2.3564088246743253,1618300795.2000005
atlanta,4H,nhits,24,0.058914899826049805,715980459.3170732,815827892.929158,86.17294803305755,-1.0497820550331078,4.262852814243828,1924385172.8000007
atlanta,6H,hybrid_gru_lstm,1,0.16492080688476562,903174556.8571428,1033910709.6442711,66.55181964019793,-1.2030692746554617,1.9100398448642684,1920432669.6
atlanta,6H,hybrid_gru_lstm,6,0.16492080688476562,903174556.8571428,1033910709.6442711,66.55181964019793,-1.2030692746554617,1.9100398448642684,1920432669.6
atlanta,6H,hybrid_gru_lstm,12,0.16492080688476562,877369524.2857143,996941044.2161949,69.48641765899588,-0.8622775587119393,2.549465326375526,1871314997.2
atlanta,6H,hybrid_gru_lstm,24,0.16492080688476562,1652991127.7142856,1809291190.2502499,99.2889957892326,-4.279354453018383,5.2597287940241975,2727311432.4
atlanta,6H,gru_only,1,0.16375374794006348,1000085509.4285715,1142142706.5562942,70.09846111449271,-1.688455345275615,2.026927987271779,2016079330.72
atlanta,6H,gru_only,6,0.16375374794006348,1000085509.4285715,1142142706.5562942,70.09846111449271,-1.688455345275615,2.026927987271779,2016079330.72
atlanta,6H,gru_only,12,0.16375374794006348,971240824.8571428,1123929597.5497954,72.56543797807028,-1.366920512038262,2.72580179034249,1992417817.44
atlanta,6H,gru_only,24,0.16375374794006348,1723664014.5714285,1878926919.5969467,100.93180232460838,-4.693556850950227,5.348402157413474,2802217077.2
atlanta,6H,lstm_only,1,0.18345403671264648,938406832.8571428,1077683012.460867,67.7273663937007,-1.39355912599054,1.959079481837931,2025440087.2
atlanta,6H,lstm_only,6,0.18345403671264648,938406832.8571428,1077683012.460867,67.7273663937007,-1.39355912599054,1.959079481837931,2025440087.2
atlanta,6H,lstm_only,12,0.18345403671264648,789928303.7142857,902294250.5285245,66.01685994886444,-0.5254635581707006,2.387382195859992,1788617904.0800002
atlanta,6H,lstm_only,24,0.18345403671264648,1468116558.5714285,1633766783.4019866,94.6480721352166,-3.3047110812662233,5.023347792177079,2558253899.76
atlanta,6H,nhits,1,0.04882097244262695,554352658.5714285,738986837.9539049,49.776667811761946,-0.1254740663528242,1.2364665287687753,1812049242.16
atlanta,6H,nhits,6,0.04882097244262695,554352658.5714285,738986837.9539049,49.776667811761946,-0.1254740663528242,1.2364665287687753,1812049242.16
atlanta,6H,nhits,12,0.04882097244262695,624328387.1428572,863381915.4434249,57.36427417366584,-0.396726433493956,1.8605844747679814,2167394495.92
atlanta,6H,nhits,24,0.04882097244262695,880032458.0,1017270712.6284238,79.52181395655253,-0.66892556273376,3.518931704174964,2238487553.1200004
atlanta,12H,hybrid_gru_lstm,1,0.2273712158203125,1594052382.4,1820852803.6735585,63.33389466101268,-0.9815264232190095,2.1477815502011537,3598634345.7599998
atlanta,12H,hybrid_gru_lstm,6,0.2273712158203125,1594052382.4,1820852803.6735585,63.33389466101268,-0.9815264232190095,2.1477815502011537,3598634345.7599998
atlanta,12H,hybrid_gru_lstm,12,0.2273712158203125,1594052382.4,1820852803.6735585,63.33389466101268,-0.9815264232190095,2.1477815502011537,3598634345.7599998
atlanta,12H,hybrid_gru_lstm,24,0.2273712158203125,3231338962.6666665,3517819797.1533666,95.56991775251521,-5.193459263624311,4.677710766736976,5352400796.96
atlanta,12H,gru_only,1,0.20922446250915527,1438334733.3333333,1649397531.394603,60.20945203511528,-0.62592635249763,2.0107630773190457,3266277819.68
atlanta,12H,gru_only,6,0.20922446250915527,1438334733.3333333,1649397531.394603,60.20945203511528,-0.62592635249763,2.0107630773190457,3266277819.68
atlanta,12H,gru_only,12,0.20922446250915527,1438334733.3333333,1649397531.394603,60.20945203511528,-0.62592635249763,2.0107630773190457,3266277819.68
atlanta,12H,gru_only,24,0.20922446250915527,2568994396.266667,2838618514.4856367,86.915202600643,-3.0327395110022204,4.229633810253763,4694628519.2
atlanta,12H,lstm_only,1,0.29902195930480957,1172506488.0,1421068149.5503244,53.55889072983432,-0.20692421543754502,1.783686583642888,3069255786.72
atlanta,12H,lstm_only,6,0.29902195930480957,1172506488.0,1421068149.5503244,53.55889072983432,-0.20692421543754502,1.783686583642888,3069255786.72
atlanta,12H,lstm_only,12,0.29902195930480957,1172506488.0,1421068149.5503244,53.55889072983432,-0.20692421543754502,1.783686583642888,3069255786.72
atlanta,12H,lstm_only,24,0.29902195930480957,2978467625.0666666,3255190895.434897,92.51900513455791,-4.303212534089524,4.495820851450087,5163393027.36
atlanta,12H,nhits,1,0.03646492958068848,1608888128.5333333,1963157455.89917,61.7890758978902,-1.3033527682977515,2.184414773945941,4461005883.679999
atlanta,12H,nhits,6,0.03646492958068848,1608888128.5333333,1963157455.89917,61.7890758978902,-1.3033527682977515,2.184414773945941,4461005883.679999
atlanta,12H,nhits,12,0.03646492958068848,1608888128.5333333,1963157455.89917,61.7890758978902,-1.3033527682977515,2.184414773945941,4461005883.679999
atlanta,12H,nhits,24,0.03646492958068848,1353472575.4666667,1763015315.7384214,66.05854167351575,-0.5556012320091508,2.6038987913342697,4462017448.319999
atlanta,1D,hybrid_gru_lstm,1,0.2823319435119629,4905215513.0,5440731752.561545,82.79648053398232,-3.828217123799405,3.57591716010088,8515353669.04
atlanta,1D,hybrid_gru_lstm,6,0.2823319435119629,4905215513.0,5440731752.561545,82.79648053398232,-3.828217123799405,3.57591716010088,8515353669.04
atlanta,1D,hybrid_gru_lstm,12,0.2823319435119629,4905215513.0,5440731752.561545,82.79648053398232,-3.828217123799405,3.57591716010088,8515353669.04
atlanta,1D,hybrid_gru_lstm,24,0.2823319435119629,4905215513.0,5440731752.561545,82.79648053398232,-3.828217123799405,3.57591716010088,8515353669.04
atlanta,1D,gru_only,1,0.2344813346862793,5555037593.0,6064217052.156032,87.43584938680993,-4.998209609097933,3.7993738589845063,9545570649.52
atlanta,1D,gru_only,6,0.2344813346862793,5555037593.0,6064217052.156032,87.43584938680993,-4.998209609097933,3.7993738589845063,9545570649.52
atlanta,1D,gru_only,12,0.2344813346862793,5555037593.0,6064217052.156032,87.43584938680993,-4.998209609097933,3.7993738589845063,9545570649.52
atlanta,1D,gru_only,24,0.2344813346862793,5555037593.0,6064217052.156032,87.43584938680993,-4.998209609097933,3.7993738589845063,9545570649.52
atlanta,1D,lstm_only,1,0.03991556167602539,7828276505.0,8210288080.069914,101.92282977267438,-9.994841048992342,4.403776144660165,11984216655.279999
atlanta,1D,lstm_only,6,0.03991556167602539,7828276505.0,8210288080.069914,101.92282977267438,-9.994841048992342,4.403776144660165,11984216655.279999
atlanta,1D,lstm_only,12,0.03991556167602539,7828276505.0,8210288080.069914,101.92282977267438,-9.994841048992342,4.403776144660165,11984216655.279999
atlanta,1D,lstm_only,24,0.03991556167602539,7828276505.0,8210288080.069914,101.92282977267438,-9.994841048992342,4.403776144660165,11984216655.279999
atlanta,1D,nhits,1,0.02473306655883789,3320855971.0,3708709355.8301535,70.29615034207129,-1.2434570696839082,2.8791823380017116,6213020445.2
atlanta,1D,nhits,6,0.02473306655883789,3320855971.0,3708709355.8301535,70.29615034207129,-1.2434570696839082,2.8791823380017116,6213020445.2
atlanta,1D,nhits,12,0.02473306655883789,3320855971.0,3708709355.8301535,70.29615034207129,-1.2434570696839082,2.8791823380017116,6213020445.2
atlanta,1D,nhits,24,0.02473306655883789,3320855971.0,3708709355.8301535,70.29615034207129,-1.2434570696839082,2.8791823380017116,6213020445.2
elpaso,5min,hybrid_gru_lstm,1,54.64875793457031,7494254.125984252,8625505.600163808,80.77263890484329,-0.10309943502892427,2.9276575529812408,19089955.400000002
elpaso,5min,hybrid_gru_lstm,6,54.64875793457031,7734054.755380577,9004325.973124458,83.24742588984965,-0.174656182547128,3.7286099292611268,19867453.280000005
elpaso,5min,hybrid_gru_lstm,12,54.64875793457031,9432659.656692913,10935088.07713185,93.87641891418413,-0.7179206678322132,4.722808416665087,20414913.120000005
elpaso,5min,hybrid_gru_lstm,24,54.64875793457031,9305828.540682415,10842646.469899168,99.92208772344941,-0.6564738127920258,6.177536516062231,25375697.520000003
elpaso,5min,gru_only,1,35.46897840499878,6673853.804199475,7842350.973736036,77.64777779745502,0.0881191644060545,2.711345370635246,20408035.160000008
elpaso,5min,gru_only,6,35.46897840499878,7827645.201049869,9102333.365617126,83.19270691389067,-0.20036638620016833,3.7870295287619475,19149593.44
elpaso,5min,gru_only,12,35.46897840499878,8316598.049868766,9505576.357835637,90.74292438355873,-0.2981218004628665,4.469719544035507,18363246.12
elpaso,5min,gru_only,24,35.46897840499878,8248746.906036746,9534367.994581785,96.78524067344489,-0.28084860536623446,5.991908889192125,17953539.440000005
elpaso,5min,lstm_only,1,61.99256753921509,6535903.736089239,7858349.467294307,78.93753446256643,0.0843948729766375,2.407868725294621,22102653.200000003
elpaso,5min,lstm_only,6,61.99256753921509,9304993.376902888,10951247.920067739,86.34585959092765,-0.7375430467418436,4.323471461739103,17295769.44
elpaso,5min,lstm_only,12,61.99256753921509,7755907.433595801,8933103.428395845,92.46745037143465,-0.14647148747907646,3.940475164399818,21262714.000000004
elpaso,5min,lstm_only,24,61.99256753921509,6614560.999475066,8376067.361846331,93.48568291504597,0.011459875179320123,4.674635919890619,23654726.640000004
elpaso,5min,nhits,1,1.7526936531066895,8231883.783989501,9549170.748565815,85.0079538433879,-0.3520005156696502,2.934026139617234,20668236.720000006
elpaso,5min,nhits,6,1.7526936531066895,7854841.680839895,9323035.123040127,84.7568189393001,-0.25928198886743425,3.6342739679742415,22244875.520000003
elpaso,5min,nhits,12,1.7526936531066895,8053724.295144357,9498657.98302954,89.66559581652461,-0.29623288293227423,4.25523410955289,22592912.0
elpaso,5min,nhits,24,1.7526936531066895,7392529.261070784,8903038.690622415,95.80982478681473,-0.116838819075894,7.12070021846943,20786759.440000005
elpaso,15min,hybrid_gru_lstm,1,5.020323991775513,17844834.2327044,20491377.24028306,69.89097711216192,0.06619399817177452,1.9410390533086144,47425949.89999998
elpaso,15min,hybrid_gru_lstm,6,5.020323991775513,20276363.0,23330578.641165286,73.53205199117944,-0.15803700493448192,3.0313026880961407,40878317.8
elpaso,15min,hybrid_gru_lstm,12,5.020323991775513,22912343.37735849,26324234.764203947,81.73249644282217,-0.43370986088961727,3.9413347300837214,44582315.8
elpaso,15min,hybrid_gru_lstm,24,5.020323991775513,22405099.333333332,25740422.742741905,89.38933787018726,-0.2910858327929,5.26930431074204,47729686.399999976
elpaso,15min,gru_only,1,4.8735339641571045,16724252.102201259,19947887.821317486,68.46511966181139,0.11507146742666463,1.5398051475630676,46289429.39999998
elpaso,15min,gru_only,6,4.8735339641571045,21131321.698113207,24460305.246550977,74.51678686889511,-0.2729025655237092,3.1218264138211587,46508632.6
elpaso,15min,gru_only,12,4.8735339641571045,21717652.981132075,24524661.58099503,82.09609567739497,-0.2443879820729602,3.607904237848027,47669117.19999998
elpaso,15min,gru_only,24,4.8735339641571045,22720550.58490566,26491687.21708339,89.0398995914602,-0.3675493353116177,5.370116102172321,51394770.59999998
elpaso,15min,lstm_only,1,5.727316617965698,18217661.559748426,20595950.202557404,70.20573313450085,0.056638756682508284,2.022030704106202,45216031.29999999
elpaso,15min,lstm_only,6,5.727316617965698,18918718.22955975,21408642.982129395,72.5104646317401,0.024898787313505033,2.784148557400437,40599123.99999997
elpaso,15min,lstm_only,12,5.727316617965698,21779631.786163524,24550970.863450777,81.76383357895001,-0.247059294413412,3.6829334715061575,46929992.99999999
elpaso,15min,lstm_only,24,5.727316617965698,21427947.393081762,24550464.203895513,88.75890385003002,-0.17447339080428326,5.067738827397708,49324343.79999997
elpaso,15min,nhits,1,0.5875229835510254,20102206.99528302,23046857.261260755,71.83975004212975,-0.18123902863107122,2.325881134851117,46701781.39999998
elpaso,15min,nhits,6,0.5875229835510254,18957048.144654088,23101166.51601439,70.00582991231165,-0.13537476714920094,2.982176514547361,60906752.999999985
elpaso,15min,nhits,12,0.5875229835510254,18452504.40903535,21931474.70228417,76.58775619112824,0.004857138103995129,4.7835268105963715,55906494.4
elpaso,15min,nhits,24,0.5875229835510254,20551109.969339624,23999099.986492477,88.90736412952947,-0.12231217823067353,4.68759633555246,55791177.8
elpaso,30min,hybrid_gru_lstm,1,1.5909292697906494,34768153.85579937,38867537.0048993,65.66965045665953,0.035585513013354664,1.8231900367187406,73841072.96
elpaso,30min,hybrid_gru_lstm,6,1.5909292697906494,37236889.805642635,42537486.03544021,68.820964190673,-0.09313515970697206,2.6569057135667284,77041713.92
elpaso,30min,hybrid_gru_lstm,12,1.5909292697906494,42592574.495297804,49195480.604013756,77.02443554229677,-0.40617520445329336,3.6041399687926594,88357655.36
elpaso,30min,hybrid_gru_lstm,24,1.5909292697906494,48959335.72413793,57374924.61113671,88.63285038723767,-0.7682482313072192,5.387515203656485,101495389.6
elpaso,30min,gru_only,1,1.3438622951507568,33835879.37304075,38224371.4944058,64.96123663629294,0.06723897590773364,1.738031896315106,75837908.8
elpaso,30min,gru_only,6,1.3438622951507568,34682162.30721003,39916030.03216376,69.18580666829158,0.037446437802613475,2.2285278434114866,86271016.64
elpaso,30min,gru_only,12,1.3438622951507568,37888376.72727273,42858422.38214232,75.48041775246209,-0.06723824874431394,3.1742109417184556,81278216.16
elpaso,30min,gru_only,24,1.3438622951507568,38995022.670846395,44276367.95572248,86.45704218016066,-0.05303535473634491,4.325757697887291,82311937.6
elpaso,30min,lstm_only,1,1.9904394149780273,31810753.780564263,38539459.314698294,64.56156135183492,0.05179788643369476,1.2780432162045574,84655243.83999999
elpaso,30min,lstm_only,6,1.9904394149780273,34080526.57053292,38870388.203708544,67.23560411836931,0.08721608121936231,2.342213888928096,80844042.08
elpaso,30min,lstm_only,12,1.9904394149780273,39006618.106583074,43688464.420420825,76.74172995361496,-0.10897710641003422,3.1961480597750263,82249097.76
elpaso,30min,lstm_only,24,1.9904394149780273,41648039.19749216,47826707.99693122,85.48628196374669,-0.22868329506833418,4.822685410081792,94468448.79999997
elpaso,30min,nhits,1,0.413161039352417,35371104.10031348,40784835.01047239,64.75871545171167,-0.06190851594013047,1.9608575834988242,83204949.27999999
elpaso,30min,nhits,6,0.413161039352417,32634727.498432603,40722757.50767636,63.34240246669852,-0.0018543324154056684,2.4483055761426407,111766346.55999999
elpaso,30min,nhits,12,0.413161039352417,34476887.768808775,41272344.46984469,72.53373704051644,0.010291501511004886,5.492138091450775,98916363.83999999
elpaso,30min,nhits,24,0.413161039352417,42271753.75548589,48544378.92974014,87.26537241639173,-0.2658343448796414,4.630384092254424,117446804.8
elpaso,45min,hybrid_gru_lstm,1,1.1493887901306152,44086057.21889672,53499887.42142131,58.04470157924476,0.12609336325360532,2.6418308037608966,116245636.15999995
elpaso,45min,hybrid_gru_lstm,6,1.1493887901306152,53920774.34741784,61888641.760775924,67.10152093586389,-0.09808876039359071,2.4450695108477056,132954386.88
elpaso,45min,hybrid_gru_lstm,12,1.1493887901306152,56249286.96713615,64496783.194262765,73.1246522987724,-0.142028681780475,3.15177585138232,128337300.47999999
elpaso,45min,hybrid_gru_lstm,24,1.1493887901306152,60327891.8685446,71670231.6132504,83.42670762076631,-0.2907366283873294,4.523872050493856,154140905.6
elpaso,45min,gru_only,1,0.7990446090698242,47157635.38028169,54297668.33353429,61.75775488071604,0.09983595504664877,1.4567958125809894,112039504.96
elpaso,45min,gru_only,6,0.7990446090698242,52097280.67605634,59449999.79610611,66.87911154730331,-0.013256172711643144,2.315333340647933,120730418.88
elpaso,45min,gru_only,12,0.7990446090698242,54813720.187793426,63263845.928782865,71.82507339935555,-0.09878338088955374,3.173964204270059,123671857.6
elpaso,45min,gru_only,24,0.7990446090698242,61478515.28638498,72113792.05532284,84.21400005343635,-0.3067625664191742,4.571700514046888,146992207.68
elpaso,45min,lstm_only,1,1.191488265991211,46233595.849765256,53392556.25530705,61.62484779270305,0.12959629886685264,1.3212959217493263,105336118.72
elpaso,45min,lstm_only,6,1.191488265991211,50747327.62441315,58475768.77964137,66.39816869228929,0.0196809919262928,2.189210871873466,123280160.64
elpaso,45min,lstm_only,12,1.191488265991211,55414759.13615023,64242224.438141,71.93642245248101,-0.13303165321356025,3.2212486862878054,125493541.76
elpaso,45min,lstm_only,24,1.191488265991211,60927981.27699531,71071716.4244721,84.00468088976406,-0.26926886429420427,4.574387594131167,143621900.79999998
elpaso,45min,nhits,1,0.17804288864135742,45521055.76995305,52866721.14843952,60.334754333658225,0.14665616965467743,1.155299736657338,105032855.67999999
elpaso,45min,nhits,6,0.17804288864135742,49437361.70892019,55867933.69748686,66.08839930359066,0.10516953530282969,2.072597768506534,112851937.27999999
elpaso,45min,nhits,12,0.17804288864135742,52035112.58215962,60344432.42069437,71.36275358561102,0.00028705477556423276,2.805741758788734,134688490.87999997
elpaso,45min,nhits,24,0.17804288864135742,63033500.3943662,72687672.94120753,85.21424151306694,-0.3276437318688932,4.661137194359281,144713429.76
elpaso,1H,hybrid_gru_lstm,1,1.0963001251220703,62241915.4,72426411.11053608,59.85815984719919,0.04487234566556786,1.4451198977963613,148443637.67999998
elpaso,1H,hybrid_gru_lstm,6,1.0963001251220703,71630276.25,82327634.89089847,65.5859917254842,-0.15483199402527292,2.3469261902959113,172667328.07999998
elpaso,1H,hybrid_gru_lstm,12,1.0963001251220703,72943784.6,83015192.94836216,71.44261455428686,-0.1204012486332966,2.9669575941498794,165542824.88
elpaso,1H,hybrid_gru_lstm,24,1.0963001251220703,66475751.25,79729431.83465143,77.86835822783276,0.06329109658378851,3.860151909897971,183194091.11999995
elpaso,1H,gru_only,1,0.5880947113037109,59416926.91875,69309356.90027912,57.913650088357706,0.1253159100119905,0.925549727459709,142134553.28
elpaso,1H,gru_only,6,0.5880947113037109,69163814.15,79518787.7453915,64.90400430000868,-0.07737533875532088,2.2109704518284365,174928890.96
elpaso,1H,gru_only,12,0.5880947113037109,73861802.6,85158292.47036944,71.93652023820177,-0.17899594193052049,2.8834466255322324,183551738.32
elpaso,1H,gru_only,24,0.5880947113037109,80826236.45,94935963.16394673,82.3209636078981,-0.3280940512088726,4.42636712144907,203914591.92
elpaso,1H,lstm_only,1,0.6822097301483154,60872713.928125,70278925.66775401,59.04690004567797,0.10067282530953325,1.0206189076124765,144422254.55999997
elpaso,1H,lstm_only,6,0.6822097301483154,65610753.55,75820428.49153002,63.72100795914412,0.02051001939771313,2.036519420834207,167824042.32
elpaso,1H,lstm_only,12,0.6822097301483154,73756555.5,86028696.68504341,71.07760002199936,-0.20322018188451008,2.9532439250000095,188184340.0
elpaso,1H,lstm_only,24,0.6822097301483154,89817990.05,105356737.77981052,84.7354974164491,-0.6356558807765726,4.786018253164484,210060895.84
elpaso,1H,nhits,1,0.1384446620941162,59930794.359472655,76733212.39515173,59.00211220937658,-0.07209741493938182,0.9192822139027564,169566560.72
elpaso,1H,nhits,6,0.1384446620941162,60019664.15,70430266.19375359,61.002740563420296,0.1548258829318616,1.8712003260735213,144568633.99999997
elpaso,1H,nhits,12,0.1384446620941162,66990864.7625,76819478.82084,69.9439681522699,0.04059686420800346,2.540981881388474,163762283.27999997
elpaso,1H,nhits,24,0.1384446620941162,86190164.45,98923552.51080626,84.06558505592146,-0.4420048402588592,4.7049805169757075,191648795.44
elpaso,2H,hybrid_gru_lstm,1,0.31369614601135254,105653033.18518518,125996316.65863661,52.298522787608306,0.10651867656649328,1.2434496620904836,270287110.40000015
elpaso,2H,hybrid_gru_lstm,6,0.31369614601135254,113033642.56790124,135611411.08099437,56.16381367864815,0.026129856953653885,1.8168848270545357,302532756.8000001
elpaso,2H,hybrid_gru_lstm,12,0.31369614601135254,121110483.85185185,146463639.03193438,61.648256451490845,-0.06474797630328766,2.639174835373801,311683681.6
elpaso,2H,hybrid_gru_lstm,24,0.31369614601135254,176588118.2222222,213345307.069038,79.37996911250511,-0.988372956725071,4.80302362393079,388736579.2
elpaso,2H,gru_only,1,0.430478572845459,112950896.09876543,127627033.24019065,54.992622714923996,0.083241114032785,1.253267853652421,229136601.6000002
elpaso,2H,gru_only,6,0.430478572845459,117113302.41975309,138990424.48076823,56.93194578386353,-0.023006384298118077,1.915009656113087,295666696.0000001
elpaso,2H,gru_only,12,0.430478572845459,132651975.4074074,157568657.54842344,65.19867208111457,-0.23232952113199157,2.6342711568734223,355400001.6
elpaso,2H,gru_only,24,0.430478572845459,128247132.83950618,166322552.11672568,71.4915316823329,-0.20846461995109622,3.7898261774458697,429256017.6
elpaso,2H,lstm_only,1,0.5323965549468994,108377475.45679012,131065671.35088791,53.73179788784047,0.0331753977639242,1.264631889288516,284319731.20000017
elpaso,2H,lstm_only,6,0.5323965549468994,111709577.38271604,134987649.2209483,55.725224304603906,0.03506813132774367,1.8078079135331013,304652622.40000004
elpaso,2H,lstm_only,12,0.5323965549468994,122901341.13580246,149460555.73501858,62.32567710552247,-0.10876719493409293,2.5878150129203843,333804206.40000004
elpaso,2H,lstm_only,24,0.5323965549468994,130437848.2962963,162992116.11690792,72.43532722821851,-0.16055267212629665,3.7790582665072248,362607120.0
elpaso,2H,nhits,1,0.08298134803771973,110081592.43209876,147207003.37997764,56.955330228195145,-0.21962614142465675,9.22031616393341,329376460.80000013
elpaso,2H,nhits,6,0.08298134803771973,103580896.8888889,127504653.85471307,53.17939122839388,0.13908424687030518,1.739841394889266,292648846.40000004
elpaso,2H,nhits,12,0.08298134803771973,110354338.40779321,138131566.86690643,60.61998892234182,0.05294967196656408,2.0286608599450875,321987867.20000005
elpaso,2H,nhits,24,0.08298134803771973,119051423.20987654,147058282.33858222,71.03019554243076,0.055263624353192764,3.5234694813204785,336711512.0
elpaso,4H,hybrid_gru_lstm,1,0.3176155090332031,165879533.85365853,209083429.60468006,44.5269572960855,0.14557260912204195,0.9999861364345688,500858364.80000013
elpaso,4H,hybrid_gru_lstm,6,0.3176155090332031,165879533.85365853,209083429.60468006,44.5269572960855,0.14557260912204195,0.9999861364345688,500858364.80000013
elpaso,4H,hybrid_gru_lstm,12,0.3176155090332031,203602563.31707317,264368561.93091238,54.43302881795371,-0.1343941282484895,2.1479741670455366,709793713.6
elpaso,4H,hybrid_gru_lstm,24,0.3176155090332031,269768874.9268293,355151673.0204922,68.98369321499908,-0.7437773054518633,3.9671608373086693,866323852.8000001
elpaso,4H,gru_only,1,0.20958662033081055,162572834.14634147,200372613.64315343,44.89184184021583,0.2152837283441177,0.9570585301940593,474633276.8
elpaso,4H,gru_only,6,0.20958662033081055,162572834.14634147,200372613.64315343,44.89184184021583,0.2152837283441177,0.9570585301940593,474633276.8
elpaso,4H,gru_only,12,0.20958662033081055,201043118.24390244,256054975.94702187,54.69584192051818,-0.06416946323152439,2.1069688124388146,680233406.4
elpaso,4H,gru_only,24,0.20958662033081055,294167953.9512195,374840007.66493607,71.32439796074004,-0.9424737906109952,4.172876313825199,851743795.2
elpaso,4H,lstm_only,1,0.2582416534423828,166908218.7317073,213237834.82268387,44.213753693278726,0.11128101014677871,1.0432237500572974,550346275.2000002
elpaso,4H,lstm_only,6,0.2582416534423828,166908218.7317073,213237834.82268387,44.213753693278726,0.11128101014677871,1.0432237500572974,550346275.2000002
elpaso,4H,lstm_only,12,0.2582416534423828,226016024.7804878,297118503.25272727,55.56843461192732,-0.4328599698681763,2.5109653442011597,735011979.2
elpaso,4H,lstm_only,24,0.2582416534423828,296058834.73170733,378224192.9383567,70.95871149952183,-0.9777067744994747,4.275357453655548,797908118.4000001
elpaso,4H,nhits,1,0.05189800262451172,166472799.80487806,200743537.6438359,45.2736468942537,0.21237575101258233,1.1432706569872162,406898865.6
elpaso,4H,nhits,6,0.05189800262451172,166472799.80487806,200743537.6438359,45.2736468942537,0.21237575101258233,1.1432706569872162,406898865.6
elpaso,4H,nhits,12,0.05189800262451172,196890268.29268292,244333368.07813668,54.15075996287526,0.03103092641009131,2.1529384138399186,627542102.4000001
elpaso,4H,nhits,24,0.05189800262451172,240904334.8292683,320107653.5809294,65.769800354396,-0.4166266495182511,3.9385775745996328,750060934.4000001
elpaso,6H,hybrid_gru_lstm,1,0.20476031303405762,186948769.71428576,284153693.6247113,36.53993898441581,0.08434478846545135,1.3278688974564559,831651377.0400001
elpaso,6H,hybrid_gru_lstm,6,0.20476031303405762,186948769.71428576,284153693.6247113,36.53993898441581,0.08434478846545135,1.3278688974564559,831651377.0400001
elpaso,6H,hybrid_gru_lstm,12,0.20476031303405762,300354516.5714286,420756664.9494184,48.75693931090134,-0.6867190624921067,2.4785990816030017,1084575426.8
elpaso,6H,hybrid_gru_lstm,24,0.20476031303405762,291219759.14285713,427918334.4911144,56.690556325441655,-0.37476484938558685,3.7179020601035626,991446400.0
elpaso,6H,gru_only,1,0.1408216953277588,207095107.42857143,314029638.9397005,36.89646291662187,-0.1183214112825055,1.632147238447354,849624712.5600001
elpaso,6H,gru_only,6,0.1408216953277588,207095107.42857143,314029638.9397005,36.89646291662187,-0.1183214112825055,1.632147238447354,849624712.5600001
elpaso,6H,gru_only,12,0.1408216953277588,268491322.28571427,390453707.1978593,45.973945288826876,-0.4525123919685954,2.4556602981283975,960112122.32
elpaso,6H,gru_only,24,0.1408216953277588,446524381.4285714,564574352.3868299,67.40402680335518,-1.3930342822629527,4.27960332036158,1108824063.36
elpaso,6H,lstm_only,1,0.3516983985900879,184894640.2857143,242273867.80149165,38.64819531915673,0.33436138909694135,0.9166493293127974,642843847.6
elpaso,6H,lstm_only,6,0.3516983985900879,184894640.2857143,242273867.80149165,38.64819531915673,0.33436138909694135,0.9166493293127974,642843847.6
elpaso,6H,lstm_only,12,0.3516983985900879,217557758.85714287,320239408.84208626,43.86722956416374,0.02291961300939105,1.9981529900783737,885116921.36
elpaso,6H,lstm_only,24,0.3516983985900879,269756219.71428573,410904319.8992682,55.34394089301037,-0.2676169694717623,3.5352885164486922,1038868508.0
elpaso,6H,nhits,1,0.05675315856933594,216839802.0,260199189.962981,44.849483334898004,0.23221921204908225,0.8395805018298504,563335324.48
elpaso,6H,nhits,6,0.05675315856933594,216839802.0,260199189.962981,44.849483334898004,0.23221921204908225,0.8395805018298504,563335324.48
elpaso,6H,nhits,12,0.05675315856933594,193281542.57142857,298987057.56430763,42.003758961283246,0.1483022042287686,1.6761825089671203,867018889.3600001
elpaso,6H,nhits,24,0.05675315856933594,399742216.85714287,512037434.8711859,65.73219275717405,-0.9683850448028493,3.905355753239551,1180753514.48
elpaso,12H,hybrid_gru_lstm,1,0.24267911911010742,633137368.0,822864461.2523105,48.30002008421259,-0.8762118131314338,2.246364097421365,2039480244.6399999
elpaso,12H,hybrid_gru_lstm,6,0.24267911911010742,633137368.0,822864461.2523105,48.30002008421259,-0.8762118131314338,2.246364097421365,2039480244.6399999
elpaso,12H,hybrid_gru_lstm,12,0.24267911911010742,633137368.0,822864461.2523105,48.30002008421259,-0.8762118131314338,2.246364097421365,2039480244.6399999
elpaso,12H,hybrid_gru_lstm,24,0.24267911911010742,824268852.8,1039908070.467053,63.048013450087716,-1.285916749624279,3.749015857680094,2247008595.9999995
elpaso,12H,gru_only,1,0.2568368911743164,510388403.73333335,680054368.5703933,45.09919578548766,-0.28148203955334594,1.8186696152658457,1720209983.0400002
elpaso,12H,gru_only,6,0.2568368911743164,510388403.73333335,680054368.5703933,45.09919578548766,-0.28148203955334594,1.8186696152658457,1720209983.0400002
elpaso,12H,gru_only,12,0.2568368911743164,510388403.73333335,680054368.5703933,45.09919578548766,-0.28148203955334594,1.8186696152658457,1720209983.0400002
elpaso,12H,gru_only,24,0.2568368911743164,752897435.2,964701438.1181722,61.31583448700889,-0.9672355520364397,3.514118834768417,2252167320.48
elpaso,12H,lstm_only,1,0.26937341690063477,724510936.0,903436383.3865079,51.69731438959923,-1.261624016377826,2.3777094682344315,2087729332.64
elpaso,12H,lstm_only,6,0.26937341690063477,724510936.0,903436383.3865079,51.69731438959923,-1.261624016377826,2.3777094682344315,2087729332.64
elpaso,12H,lstm_only,12,0.26937341690063477,724510936.0,903436383.3865079,51.69731438959923,-1.261624016377826,2.3777094682344315,2087729332.64
elpaso,12H,lstm_only,24,0.26937341690063477,1122227933.3333333,1310313545.6835096,72.54838764649797,-2.6292841651272942,4.170028431075446,2441587355.68
elpaso,12H,nhits,1,0.032712697982788086,349212630.93333334,580242328.0274998,37.06512564137393,0.06708072094568773,1.6802794445672589,1602715659.84
elpaso,12H,nhits,6,0.032712697982788086,349212630.93333334,580242328.0274998,37.06512564137393,0.06708072094568773,1.6802794445672589,1602715659.84
elpaso,12H,nhits,12,0.032712697982788086,349212630.93333334,580242328.0274998,37.06512564137393,0.06708072094568773,1.6802794445672589,1602715659.84
elpaso,12H,nhits,24,0.032712697982788086,577237970.6666666,830467286.1543995,54.42173631073833,-0.4578591643118235,3.2185556957824324,2238420151.2
elpaso,1D,hybrid_gru_lstm,1,0.3151371479034424,2316939020.0,2589071789.7626586,71.5503291734355,-3.2853566416239373,3.2229247587520833,4463222193.5199995
elpaso,1D,hybrid_gru_lstm,6,0.3151371479034424,2316939020.0,2589071789.7626586,71.5503291734355,-3.2853566416239373,3.2229247587520833,4463222193.5199995
elpaso,1D,hybrid_gru_lstm,12,0.3151371479034424,2316939020.0,2589071789.7626586,71.5503291734355,-3.2853566416239373,3.2229247587520833,4463222193.5199995
elpaso,1D,hybrid_gru_lstm,24,0.3151371479034424,2316939020.0,2589071789.7626586,71.5503291734355,-3.2853566416239373,3.2229247587520833,4463222193.5199995
elpaso,1D,gru_only,1,0.03908228874206543,3777505484.0,3978466291.737865,90.61929350835634,-9.118826543456441,3.9429043704784137,6280267513.2
elpaso,1D,gru_only,6,0.03908228874206543,3777505484.0,3978466291.737865,90.61929350835634,-9.118826543456441,3.9429043704784137,6280267513.2
elpaso,1D,gru_only,12,0.03908228874206543,3777505484.0,3978466291.737865,90.61929350835634,-9.118826543456441,3.9429043704784137,6280267513.2
elpaso,1D,gru_only,24,0.03908228874206543,3777505484.0,3978466291.737865,90.61929350835634,-9.118826543456441,3.9429043704784137,6280267513.2
elpaso,1D,lstm_only,1,0.33887672424316406,2128888492.0,2403663624.1735816,68.87285607763005,-2.6935685872555624,3.091859878050047,4104152848.24
elpaso,1D,lstm_only,6,0.33887672424316406,2128888492.0,2403663624.1735816,68.87285607763005,-2.6935685872555624,3.091859878050047,4104152848.24
elpaso,1D,lstm_only,12,0.33887672424316406,2128888492.0,2403663624.1735816,68.87285607763005,-2.6935685872555624,3.091859878050047,4104152848.24
elpaso,1D,lstm_only,24,0.33887672424316406,2128888492.0,2403663624.1735816,68.87285607763005,-2.6935685872555624,3.091859878050047,4104152848.24
elpaso,1D,nhits,1,0.030173063278198242,1227156204.0,1734054074.5810833,50.88476950623504,-0.9223128030820467,2.7717504184420276,3546990431.6
elpaso,1D,nhits,6,0.030173063278198242,1227156204.0,1734054074.5810833,50.88476950623504,-0.9223128030820467,2.7717504184420276,3546990431.6
elpaso,1D,nhits,12,0.030173063278198242,1227156204.0,1734054074.5810833,50.88476950623504,-0.9223128030820467,2.7717504184420276,3546990431.6
elpaso,1D,nhits,24,0.030173063278198242,1227156204.0,1734054074.5810833,50.88476950623504,-0.9223128030820467,2.7717504184420276,3546990431.6
boston,5min,hybrid_gru_lstm,1,80.19175958633423,3046720.4819457573,3832034.6894583623,145.17071741007916,-1.183805836679868,10.857670945379535,9301787.41
boston,5min,hybrid_gru_lstm,6,80.19175958633423,1889082.172078885,2879982.1690065283,148.3363791332449,-0.23200249699151843,4.63939206833062,12247222.575000001
boston,5min,hybrid_gru_lstm,12,80.19175958633423,2496667.8570581255,3368069.5184349734,148.64328190806785,-0.7649008513450504,6.67099297703662,9138282.440000003
boston,5min,hybrid_gru_lstm,24,80.19175958633423,2447415.638011566,3140453.1998609705,149.3343925528455,-0.8516381656357808,8.47521483920201,8275922.390000002
boston,5min,gru_only,1,47.14265727996826,2132668.947948234,3130168.4973141225,133.73266033491126,-0.45710413702589325,9.898745750975387,9031922.76
boston,5min,gru_only,6,47.14265727996826,2137339.274799822,3160672.8502879078,145.42259644873744,-0.48385369371440157,5.063470568031606,9966474.9
boston,5min,gru_only,12,47.14265727996826,1952516.8423042705,3014139.873320162,138.25957859873267,-0.4134648830329195,5.035183659041253,8547571.135000018
boston,5min,gru_only,24,47.14265727996826,1865596.8321841636,2944341.1723409914,135.43159767566536,-0.6276002062391681,6.3177202222143665,8201921.402500001
boston,5min,lstm_only,1,89.55311012268066,1850407.9849808626,2862301.996859566,131.4659592289936,-0.21838927033237243,12.447675764751189,9873062.835
boston,5min,lstm_only,6,89.55311012268066,2298236.3540172284,3590946.2274373784,140.13267063799054,-0.9153572677229564,6.7072513203830795,12440667.080000002
boston,5min,lstm_only,12,89.55311012268066,1965747.4980691748,3159062.2503498923,136.60651165601908,-0.5526536425684001,8.281102931391327,10896824.480000006
boston,5min,lstm_only,24,89.55311012268066,1605362.1933833582,2463077.2349883732,142.66295475903908,-0.1390099889430747,18.355628604979575,8624360.82
boston,5min,nhits,1,1.8538925647735596,4258396.671188047,5602265.153190667,158.69718222908114,-3.667480138860702,14.295791839569427,17386633.44000004
boston,5min,nhits,6,1.8538925647735596,2446493.0875164135,3601702.5991304037,156.397722076006,-0.9268490303915387,58.58820585691022,12628914.44
boston,5min,nhits,12,1.8538925647735596,4013318.230538256,5195536.694982575,161.7395987089278,-3.1997075760574925,20.942178145360312,15376596.860000012
boston,5min,nhits,24,1.8538925647735596,4830205.962373962,5929191.637313698,170.64275040901282,-5.600281326369836,13.341234496198988,15870774.420000007
boston,15min,hybrid_gru_lstm,1,10.543642282485962,4420702.512411348,6822647.981830926,115.85139533753012,-0.34078698630222215,2.966063219311499,21661783.44
boston,15min,hybrid_gru_lstm,6,10.543642282485962,5490373.542553191,7887023.72829069,130.86774802318473,-0.7868971747672533,3.84074023973309,25295756.68125
boston,15min,hybrid_gru_lstm,12,10.543642282485962,5142279.523049645,7832223.837513238,123.88724171325116,-0.8045201096636148,3.9563906545973535,29165355.34
boston,15min,hybrid_gru_lstm,24,10.543642282485962,4033858.1123116133,6629870.567505946,127.98406910252653,-0.5045413555564724,10.660001924185286,24491631.82
boston,15min,gru_only,1,9.56114387512207,4498090.798090508,7717916.424070512,107.84278216744434,-0.715749971552518,13.79997424346095,25582432.179999996
boston,15min,gru_only,6,9.56114387512207,5130141.609040822,7946806.600759341,123.49713617249569,-0.8140888542567188,11.944553914773723,25183120.14
boston,15min,gru_only,12,9.56114387512207,4728057.220301419,7579594.180233663,118.85368647840858,-0.6899873434562749,3.501557164989851,25637155.34
boston,15min,gru_only,24,9.56114387512207,4597018.529698581,6913740.842982152,133.6201924948101,-0.6361390964041336,5.041570715214548,24206307.1
boston,15min,lstm_only,1,10.532126188278198,5128328.337765957,8095062.1626038235,119.11056110788891,-0.8875316118304768,3.1108097766704987,25368032.7
boston,15min,lstm_only,6,10.532126188278198,5466409.2189716315,8247599.397420689,126.81200170656233,-0.954017207113647,3.520706568600053,25334215.3
boston,15min,lstm_only,12,10.532126188278198,4782136.002216312,7570064.951807021,122.80005497511193,-0.685740637964944,3.5415324632651672,26949662.48
boston,15min,lstm_only,24,10.532126188278198,4802501.972794769,7924686.718759542,131.44263737249227,-1.1496028788085435,6.9156669047292985,27602355.94
boston,15min,nhits,1,0.7556869983673096,6284175.487089982,8868852.785324104,131.84249805888834,-1.2656287640882211,14.299033409430768,28465347.119999994
boston,15min,nhits,6,0.7556869983673096,8126285.484485815,11156680.021678401,139.1374460567779,-2.57555302013549,9.739868415959396,33224760.08
boston,15min,nhits,12,0.7556869983673096,7916101.598623722,10123063.984279567,146.08363672731147,-2.014501529721214,22.44255339096501,30370783.48
boston,15min,nhits,24,0.7556869983673096,8702143.662010679,10923329.272707373,155.32836596832408,-3.0841725338627466,9.864223601780433,32320436.8
boston,30min,hybrid_gru_lstm,1,2.908134937286377,10866098.154049296,17005936.068983477,111.21096518189688,-1.3903745468808184,2.649747426616782,53154740.240000024
boston,30min,hybrid_gru_lstm,6,2.908134937286377,11012005.35915493,15747168.793338148,127.90370154916195,-1.0428458109947845,3.544975029747934,54032735.2
boston,30min,hybrid_gru_lstm,12,2.908134937286377,12755774.804577464,18113308.784783304,124.49453384583495,-1.762440044901516,3.778460286048836,52274761.04000001
boston,30min,hybrid_gru_lstm,24,2.908134937286377,10501797.096830986,16763111.169981413,124.56773541780173,-1.7121068145539136,4.779556947993809,49742708.400000006
boston,30min,gru_only,1,2.698255777359009,8832909.977160817,15051629.044237647,110.6819619881372,-0.8725433659535202,23.55506476168008,48620559.52000001
boston,30min,gru_only,6,2.698255777359009,10275254.126760563,15902832.791790582,119.04584927526317,-1.0834333333481747,2.8471767740145,55559163.92
boston,30min,gru_only,12,2.698255777359009,8378456.860035211,13533994.264501449,106.10633989636615,-0.5422303861602613,2.5960734082580403,48355782.32000001
boston,30min,gru_only,24,2.698255777359009,9538666.044234155,14599499.664414437,130.47886381255984,-1.057185641671571,21.550259151236034,46909715.16000001
boston,30min,lstm_only,1,2.3934295177459717,9571263.516725352,15135856.817570338,113.51510336628972,-0.8935592244673658,2.485847846779162,50783437.560000025
boston,30min,lstm_only,6,2.3934295177459717,9016584.704225352,14433553.797250904,108.62762093452825,-0.7162366559160853,2.424371137448774,51665085.64
boston,30min,lstm_only,12,2.3934295177459717,9243707.529709507,14763942.16941954,106.54401072653785,-0.8352783871500702,2.6637393956632684,51348166.44000001
boston,30min,lstm_only,24,2.3934295177459717,9341576.81183979,15273300.866144232,112.74966568801847,-1.251455426765737,4.26044438831647,49803242.84
boston,30min,nhits,1,0.40155792236328125,12722602.91109155,16496902.974830166,132.61389451321457,-1.249415647263969,4.166434911897487,49024212.92000002
boston,30min,nhits,6,0.40155792236328125,10791091.326144366,14946433.106736457,120.23621293507026,-0.840372556701618,4.844407483574107,44004404.24
boston,30min,nhits,12,0.40155792236328125,14590393.20774648,16919539.434199728,142.25600161132397,-1.4103180518340968,5.602157961480184,44397983.2
boston,30min,nhits,24,0.40155792236328125,12982161.683098592,15593213.826073717,147.13926523049818,-1.3467607080111668,6.922964707859719,45496544.60000001
boston,45min,hybrid_gru_lstm,1,1.5260162353515625,15766082.431578947,24880635.357680332,100.17301582799765,-1.9700412651499595,2.1325764487915446,68733222.72
boston,45min,hybrid_gru_lstm,6,1.5260162353515625,14554194.015789473,20174428.821155023,120.10596993408046,-0.9462550087028765,2.7159214597979475,59630831.36000003
boston,45min,hybrid_gru_lstm,12,1.5260162353515625,15192678.913157895,22033688.10668251,111.97213997421258,-1.4368749626480009,2.61477227129626,60704311.36000001
boston,45min,hybrid_gru_lstm,24,1.5260162353515625,15389806.565037455,23809998.438699704,126.77037598983512,-2.454118132996714,7.896746777974751,73598108.48000002
boston,45min,gru_only,1,1.391460657119751,10883922.97006579,19474515.177842166,98.1489802703017,-0.8195871442947924,25.520859668220687,59560234.56000001
boston,45min,gru_only,6,1.391460657119751,15616985.905180922,21219054.647119507,121.64396873115322,-1.1530261772643606,5.031520473792876,62399893.60000002
boston,45min,gru_only,12,1.391460657119751,13926778.527631579,20113172.29733397,104.51974517416846,-1.0305795058535936,2.3479138358670073,54091019.20000001
boston,45min,gru_only,24,1.391460657119751,11997629.959375,19527823.628663708,119.63725499276723,-1.3234115325838771,26.93878746869706,67282589.44000001
boston,45min,lstm_only,1,1.5195212364196777,12594218.334210526,21069088.120899953,93.38187343413895,-1.1297617830086955,1.818672739888048,72084010.56000002
boston,45min,lstm_only,6,1.5195212364196777,13745398.131578946,20535095.048982557,112.93931907835963,-1.016464972359862,2.361258960889351,67342840.80000001
boston,45min,lstm_only,12,1.5195212364196777,15876072.468421053,22161008.215724498,117.27161542646047,-1.4651189498917536,2.9017746068198873,65715913.92
boston,45min,lstm_only,24,1.5195212364196777,14988092.697286185,23472963.074568335,122.65113771090842,-2.357022746340851,10.246375530652859,61149380.80000005
boston,45min,nhits,1,0.3112771511077881,17438635.57894737,21625745.347366143,126.077916306639,-1.2437874774528663,3.8080554318174307,71983210.88000001
boston,45min,nhits,6,0.3112771511077881,14699568.263157895,17879643.564691037,124.21898524418631,-0.5286742889378511,3.5704105454853745,50529467.68
boston,45min,nhits,12,0.3112771511077881,15761765.057894737,18747445.946303323,128.04542967116384,-0.7641807174290682,3.9748757012755553,49195181.120000005
boston,45min,nhits,24,0.3112771511077881,13821892.226315789,17527380.327330273,130.91867077571573,-0.8717699636068925,5.010916271233392,59119403.440000005
boston,1H,hybrid_gru_lstm,1,0.9562692642211914,15680473.607638888,27216478.424593035,82.7690950643595,-1.4194154692582406,10.059433371468005,78062220.16000003
boston,1H,hybrid_gru_lstm,6,0.9562692642211914,16794383.864583332,25019570.467570476,101.45439858634613,-1.038125891683384,1.8731355527515805,74321904.88000016
boston,1H,hybrid_gru_lstm,12,0.9562692642211914,21385433.555555556,27757745.37984465,115.10753326782353,-1.6916093858286367,2.982176418278529,73869078.80000001
boston,1H,hybrid_gru_lstm,24,0.9562692642211914,16477092.269965278,25804883.513735335,106.22052862171611,-1.7483487142928507,4.200441209431144,74091741.2800001
boston,1H,gru_only,1,0.8832058906555176,14818946.282769097,26416733.82835433,93.50376682671289,-1.2793175403149135,38.76624861118593,77080775.20000009
boston,1H,gru_only,6,0.8832058906555176,20624727.166666668,27152986.75151431,118.82149005792542,-1.4005265991378968,2.8089407021280026,78368043.60000013
boston,1H,gru_only,12,0.8832058906555176,18688546.078125,26709835.70309179,94.19252789225028,-1.492218364441508,1.996837710172258,66565300.72000003
boston,1H,gru_only,24,0.8832058906555176,14806088.963541666,24322684.21579906,96.72364728038103,-1.4416928561703726,3.8446954848993866,76890151.36000003
boston,1H,lstm_only,1,0.9637138843536377,17484948.149305556,28666024.46136942,93.20395520799329,-1.6839939108340176,5.041206504825869,87185713.44000001
boston,1H,lstm_only,6,0.9637138843536377,17730296.118055556,24403965.32324973,113.01767738005839,-0.9390638306670331,2.316349372562303,68356610.72000016
boston,1H,lstm_only,12,0.9637138843536377,20259050.152777776,27828750.614823665,112.64276147263188,-1.7053974509504557,2.52510394357624,77369272.56
boston,1H,lstm_only,24,0.9637138843536377,21458812.006944444,30567442.96333593,122.52321855689223,-2.8564370880211616,5.269301628377046,79705687.76000012
boston,1H,nhits,1,0.2503483295440674,14732876.3125,19976927.754027996,107.01246197605616,-0.3034788535452151,2.4627526779871594,69104629.52000003
boston,1H,nhits,6,0.2503483295440674,20642378.972222224,24670724.797519743,122.83617133997613,-0.9816872931048362,3.592601884609281,63323360.48000003
boston,1H,nhits,12,0.2503483295440674,20738611.805555556,23246529.84688591,127.30302467126533,-0.8878171326593409,3.984594261714234,56451661.280000016
boston,1H,nhits,24,0.2503483295440674,21993840.972222224,25735069.880226977,135.99093019810925,-1.7334978307260376,6.273210346290021,72603480.80000003
boston,2H,hybrid_gru_lstm,1,0.4670145511627197,41174735.567567565,56092734.38344305,106.55134664548495,-2.6017870581712654,2.2831079793166746,125687357.44
boston,2H,hybrid_gru_lstm,6,0.4670145511627197,23443015.135135137,31850069.601016294,96.31993278644852,-0.15630463156192165,2.1357863030680218,101806147.20000005
boston,2H,hybrid_gru_lstm,12,0.4670145511627197,40736519.24324324,45701410.18244117,120.41641958600458,-1.4907162721185712,3.0546947043302306,92942432.64000002
boston,2H,hybrid_gru_lstm,24,0.4670145511627197,41599913.51351351,48150860.74466353,127.9387811478238,-2.493071100070686,4.258104392682789,110904491.52
boston,2H,gru_only,1,0.43679118156433105,33360859.18918919,42962431.158088386,103.95445401462997,-1.1129173490716693,2.031586871512333,111838581.12
boston,2H,gru_only,6,0.43679118156433105,24745392.216216218,31864580.303397227,100.76284615775317,-0.1573584826046075,2.2096619322660254,97269036.48000003
boston,2H,gru_only,12,0.43679118156433105,39085416.05405405,47503467.050925285,116.59141759371599,-1.6910122308401103,2.5515269390289927,115290918.4
boston,2H,gru_only,24,0.43679118156433105,39904467.027027026,51880739.16537273,118.25675747652915,-3.0551939072442567,3.990957266406595,131749107.84
boston,2H,lstm_only,1,0.4777686595916748,37915091.783783786,48792384.92509057,107.61807224076585,-1.7252660352188394,2.359079298475036,125965086.08000001
boston,2H,lstm_only,6,0.4777686595916748,21753932.486486487,34648419.4470774,88.25167564501436,-0.3684166515157046,1.5323958348598108,116003570.24000002
boston,2H,lstm_only,12,0.4777686595916748,36563911.72972973,47907656.635136835,110.02401370189978,-1.7370007244764873,2.1572695033323046,123856843.52000001
boston,2H,lstm_only,24,0.4777686595916748,41049215.972972974,56924244.3762798,113.25273238314205,-3.8819560404182276,3.8470752289459087,147598937.6
boston,2H,nhits,1,0.12561345100402832,33510112.64864865,36285621.04973489,114.82647464119455,-0.5072105729108678,2.8821731092723653,75210173.76000002
boston,2H,nhits,6,0.12561345100402832,29785451.837837838,32822564.706091557,111.14898208637997,-0.22799477828104808,2.751111063912785,73888762.24000001
boston,2H,nhits,12,0.12561345100402832,43778307.72972973,45816469.680119775,126.36373784949886,-1.5032734914559946,3.759140076284329,79874668.48
boston,2H,nhits,24,0.12561345100402832,40544495.35135135,44461871.87194894,128.66917253735102,-1.978343614417942,4.660631722354625,99838713.28000002
boston,4H,hybrid_gru_lstm,1,0.3408925533294678,25893111.157894738,30157502.551987737,69.85816763696594,0.3154171286703057,1.3759412215945546,44977744.8
boston,4H,hybrid_gru_lstm,6,0.3408925533294678,25893111.157894738,30157502.551987737,69.85816763696594,0.3154171286703057,1.3759412215945546,44977744.8
boston,4H,hybrid_gru_lstm,12,0.3408925533294678,111386993.68421052,114446917.03038186,119.2987735807038,-9.32175776287703,3.5370013761897137,148712442.08
boston,4H,hybrid_gru_lstm,24,0.3408925533294678,127360360.42105263,130025301.12594695,130.42928806201323,-11.59647389177393,5.5698803043854594,181245573.44
boston,4H,gru_only,1,0.31155943870544434,61921592.84210526,68379010.2872557,98.05965579795681,-2.519499462879744,1.9861581198799876,127746185.28
boston,4H,gru_only,6,0.31155943870544434,61921592.84210526,68379010.2872557,98.05965579795681,-2.519499462879744,1.9861581198799876,127746185.28
boston,4H,gru_only,12,0.31155943870544434,76026691.57894737,82352431.72066195,105.55861788246173,-4.344392200854069,2.2434953490110385,140447032.32
boston,4H,gru_only,24,0.31155943870544434,82977954.31578948,88811935.03167056,116.05288611198775,-4.876732456408711,3.817044763628626,152097564.16
boston,4H,lstm_only,1,0.35986852645874023,41960779.78947368,51476507.78046754,80.64071450150632,-0.9945890689788419,2.3375315963910275,79671909.92
boston,4H,lstm_only,6,0.35986852645874023,41960779.78947368,51476507.78046754,80.64071450150632,-0.9945890689788419,2.3375315963910275,79671909.92
boston,4H,lstm_only,12,0.35986852645874023,123341172.63157895,127649818.48259157,121.38145933726247,-11.840616321785351,3.9727212115548443,162364542.88
boston,4H,lstm_only,24,0.35986852645874023,160736658.10526314,163996186.4253857,137.41931281193132,-19.038294381762743,6.485463782357271,212017215.04
boston,4H,nhits,1,0.07504630088806152,58739321.684210524,62978437.75961618,95.6467681971119,-1.9855135652983416,2.2601789305807842,115758307.84
boston,4H,nhits,6,0.07504630088806152,58739321.684210524,62978437.75961618,95.6467681971119,-1.9855135652983416,2.2601789305807842,115758307.84
boston,4H,nhits,12,0.07504630088806152,72473927.15789473,75611387.4276678,103.0691839620097,-3.5052602216605466,2.5547582202095938,116560439.84
boston,4H,nhits,24,0.07504630088806152,83861551.57894737,87708015.13689217,115.0667798645473,-4.731546499670688,4.358089355529571,145621681.92000002
boston,6H,hybrid_gru_lstm,1,0.27571702003479004,46968020.92307692,56837961.62834829,67.7307843361458,0.1964203397371873,0.7552793401709329,121317849.27999996
boston,6H,hybrid_gru_lstm,6,0.27571702003479004,46968020.92307692,56837961.62834829,67.7307843361458,0.1964203397371873,0.7552793401709329,121317849.27999996
boston,6H,hybrid_gru_lstm,12,0.27571702003479004,132755907.6923077,138510984.9130711,119.51520980127883,-3.505703149404793,3.2968117465337645,200389005.11999995
boston,6H,hybrid_gru_lstm,24,0.27571702003479004,164104299.07692307,169443877.4114417,136.00407195834555,-7.0008641133747105,6.135232460822741,262655566.39999998
boston,6H,gru_only,1,0.24117231369018555,44347205.461538464,60605588.68607836,76.82808498914171,0.086355393628466,1.2798661148620107,137502287.67999995
boston,6H,gru_only,6,0.24117231369018555,44347205.461538464,60605588.68607836,76.82808498914171,0.086355393628466,1.2798661148620107,137502287.67999995
boston,6H,gru_only,12,0.24117231369018555,157515990.15384614,164293787.0970244,126.70316776459467,-5.339228725400569,3.4611978494899,261536324.79999995
boston,6H,gru_only,24,0.24117231369018555,178236294.15384614,187032003.94132143,139.36880684042475,-8.74803291193037,6.1091884726992305,305981957.43999994
boston,6H,lstm_only,1,0.04287147521972656,96814136.61538461,112988363.51504464,96.49249295908758,-2.175553132614422,2.604956979108633,154701535.68
boston,6H,lstm_only,6,0.04287147521972656,96814136.61538461,112988363.51504464,96.49249295908758,-2.175553132614422,2.604956979108633,154701535.68
boston,6H,lstm_only,12,0.04287147521972656,103137070.76923077,119000081.60549794,106.27949507056793,-2.3257427970094953,3.2366778529811575,158125339.2
boston,6H,lstm_only,24,0.04287147521972656,105303479.38461539,114754984.13795649,116.01819848103486,-2.6696804409670123,5.606760284335746,153791223.67999998
boston,6H,nhits,1,0.050608158111572266,93208656.0,97007789.10548349,98.75784880717536,-1.340804588493095,1.650596211391085,156903801.91999996
boston,6H,nhits,6,0.050608158111572266,93208656.0,97007789.10548349,98.75784880717536,-1.340804588493095,1.650596211391085,156903801.91999996
boston,6H,nhits,12,0.050608158111572266,104105339.6923077,106515726.7736627,111.70401227716886,-1.6645361128108966,2.3803425604940753,164114388.79999995
boston,6H,nhits,24,0.050608158111572266,101680080.0,107750766.18679786,118.2254539562757,-2.2353842469926213,4.748370366937365,195468743.99999994
boston,12H,hybrid_gru_lstm,1,0.039606332778930664,192180337.0,197886917.9783415,82.81661901915727,-16.594405291255924,0.9745464294403333,270898183.28
boston,12H,hybrid_gru_lstm,6,0.039606332778930664,192180337.0,197886917.9783415,82.81661901915727,-16.594405291255924,0.9745464294403333,270898183.28
boston,12H,hybrid_gru_lstm,12,0.039606332778930664,192180337.0,197886917.9783415,82.81661901915727,-16.594405291255924,0.9745464294403333,270898183.28
boston,12H,hybrid_gru_lstm,24,0.039606332778930664,196626057.0,204708160.54531378,91.54954752467242,-11.91846824703781,1.404049412357693,283026514.56
boston,12H,gru_only,1,0.038324594497680664,183124141.0,189100873.15704024,80.60087644861692,-15.066729835754092,0.9254906362160903,261819216.23999995
boston,12H,gru_only,6,0.038324594497680664,183124141.0,189100873.15704024,80.60087644861692,-15.066729835754092,0.9254906362160903,261819216.23999995
boston,12H,gru_only,12,0.038324594497680664,183124141.0,189100873.15704024,80.60087644861692,-15.066729835754092,0.9254906362160903,261819216.23999995
boston,12H,gru_only,24,0.038324594497680664,188372505.0,196791241.4652106,89.59533928884207,-10.938568108345207,1.3503206624484438,274790625.92
boston,12H,lstm_only,1,0.03976178169250488,192535085.0,198230432.16114146,82.90190777107227,-16.65554297210132,0.9764602941983855,271245673.2
boston,12H,lstm_only,6,0.03976178169250488,192535085.0,198230432.16114146,82.90190777107227,-16.65554297210132,0.9764602941983855,271245673.2
boston,12H,lstm_only,12,0.03976178169250488,192535085.0,198230432.16114146,82.90190777107227,-16.65554297210132,0.9764602941983855,271245673.2
boston,12H,lstm_only,24,0.03976178169250488,185176609.0,193737315.34811574,88.81887889312388,-10.570903325131841,1.3295316291016352,271578796.8
boston,12H,nhits,1,0.041098833084106445,330988917.0,332683122.13463086,109.07512033013822,-48.728110727083816,1.702012590001952,390479101.28
boston,12H,nhits,6,0.041098833084106445,330988917.0,332683122.13463086,109.07512033013822,-48.728110727083816,1.702012590001952,390479101.28
boston,12H,nhits,12,0.041098833084106445,330988917.0,332683122.13463086,109.07512033013822,-48.728110727083816,1.702012590001952,390479101.28
boston,12H,nhits,24,0.041098833084106445,104991577.0,117328955.80861983,64.55194714303985,-3.2437629958157803,0.798387627616796,213480615.2
boston,1D,hybrid_gru_lstm,1,0.03863382339477539,383346422.4,391744665.34067947,87.0203526775828,-22.581510541757353,1.1422349932231757,536320253.76
boston,1D,hybrid_gru_lstm,6,0.03863382339477539,383346422.4,391744665.34067947,87.0203526775828,-22.581510541757353,1.1422349932231757,536320253.76
boston,1D,hybrid_gru_lstm,12,0.03863382339477539,383346422.4,391744665.34067947,87.0203526775828,-22.581510541757353,1.1422349932231757,536320253.76
boston,1D,hybrid_gru_lstm,24,0.03863382339477539,383346422.4,391744665.34067947,87.0203526775828,-22.581510541757353,1.1422349932231757,536320253.76
boston,1D,gru_only,1,0.03714394569396973,378618384.0,387119151.0749722,86.43955106963347,-22.027922128343153,1.1279438216883224,531591250.24
boston,1D,gru_only,6,0.03714394569396973,378618384.0,387119151.0749722,86.43955106963347,-22.027922128343153,1.1279438216883224,531591250.24
boston,1D,gru_only,12,0.03714394569396973,378618384.0,387119151.0749722,86.43955106963347,-22.027922128343153,1.1279438216883224,531591250.24
boston,1D,gru_only,24,0.03714394569396973,378618384.0,387119151.0749722,86.43955106963347,-22.027922128343153,1.1279438216883224,531591250.24
boston,1D,lstm_only,1,0.03911399841308594,387912937.6,396213313.45378137,87.57586435821996,-23.122569576511292,1.156030183674261,540871416.64
boston,1D,lstm_only,6,0.03911399841308594,387912937.6,396213313.45378137,87.57586435821996,-23.122569576511292,1.156030183674261,540871416.64
boston,1D,lstm_only,12,0.03911399841308594,387912937.6,396213313.45378137,87.57586435821996,-23.122569576511292,1.156030183674261,540871416.64
boston,1D,lstm_only,24,0.03911399841308594,387912937.6,396213313.45378137,87.57586435821996,-23.122569576511292,1.156030183674261,540871416.64
boston,1D,nhits,1,0.03934907913208008,387488003.2,396009528.0768421,87.49184509198147,-23.097761915676692,1.1560257120349624,542798802.56
boston,1D,nhits,6,0.03934907913208008,387488003.2,396009528.0768421,87.49184509198147,-23.097761915676692,1.1560257120349624,542798802.56
boston,1D,nhits,12,0.03934907913208008,387488003.2,396009528.0768421,87.49184509198147,-23.097761915676692,1.1560257120349624,542798802.56
boston,1D,nhits,24,0.03934907913208008,387488003.2,396009528.0768421,87.49184509198147,-23.097761915676692,1.1560257120349624,542798802.56
